sample_id,width_mm,k_W_mK,q_gen_MW_m3,h_top_W_m2K,T_inf_C,T_left_C,T_right_C,T_max_C,T_mean_C,T_center_C,x_Tmax_mm,y_Tmax_mm,q_top_conv_W_per_m,q_sides_W_per_m,split
0,110.86,168.133,0.00421209,48.2493,27.4889,80.9715,140.103,140.103,110.346,110.346,110.86,0,440.555,-388.789,test
1,118.735,5.64589,0.00199013,952.754,28.0338,108.622,34.8277,108.622,61.9825,61.9209,0,0,1018.25,-990.195,train
2,161.409,29.6697,0.608932,1214.32,27.6163,41.5757,107.015,138.196,100.007,122.346,104.916,0,6476.48,9387.95,train
3,44.203,149.811,0.121605,239.514,36.2386,120.393,132.191,132.191,125.905,125.944,44.203,0,936.887,-699.282,train
4,192.702,24.5052,0.00721049,1363.22,30.9751,146.976,82.9939,146.976,98.4878,98.3589,0,0,6723.46,-6455.71,train
5,136.112,6.88687,0.478219,405.631,15.8963,70.9119,135.324,248.531,167.129,220.956,74.8616,0,3406.52,5453.19,train
6,184.866,12.5338,0.119301,936.947,19.6694,126.082,115.431,149.675,118.493,131.521,83.1898,0,5418.12,-1340.94,train
7,48.0016,156.188,0.0249663,56.9187,32.047,147.324,127.14,147.324,137.11,137.118,0,0,286.111,-228.585,test
8,193.12,69.1201,0.0756386,234.264,21.5775,88.8469,89.1438,92.737,89.1014,90.7031,96.5601,0,2726.34,94.6281,train
9,100.079,105.405,0.00371568,57.4343,27.5201,85.8564,114.199,114.199,99.7345,99.731,100.079,0,410.871,-373.655,train
10,184.572,96.7813,0.26736,315.257,38.0347,132.674,139.899,146.486,139.431,143.286,110.743,0,5312.88,3795.27,train
11,156.137,30.0555,0.0178395,381.196,38.8228,99.8708,44.8474,99.8708,70.0029,70.4515,0,0,1371.04,-936.135,train
12,33.9471,66.559,0.26116,1978.9,37.8574,93.6303,113.451,113.451,99.7168,99.6851,33.9471,0,3508.41,-3207.44,train
13,198.158,44.0861,0.281544,140.824,39.5731,145.036,75.4259,150.124,126.428,137.14,39.6315,0,2173.84,8881.39,train
14,136.948,182.718,0.00196425,275.824,25.8245,28.547,43.2755,43.2755,35.7653,35.7647,136.948,0,361.509,-324.67,train
15,82.5348,150.542,0.0712912,18.6827,22.6462,78.5559,111.92,111.92,95.4385,95.576,82.5348,0,112.037,373.597,train
16,77.4496,185.666,0.0117883,183.061,31.1849,23.6473,146.875,146.875,84.9581,84.9552,77.4496,0,751.607,-680.896,train
17,104.034,41.5751,0.00774811,446.65,28.365,31.4865,51.1808,51.1808,40.5967,40.6358,104.034,0,472.187,-388.329,train
18,182.976,5.41221,0.635662,77.6325,17.47,57.5864,83.2539,539.309,337.134,505.261,91.4879,0,3001.57,18280.5,train
19,62.5499,7.95789,0.0160347,129.14,27.1924,82.5066,142.088,142.088,107.471,107.517,62.5499,0,547.001,-484.266,train
20,167.914,11.0814,0.00448868,738.876,23.7199,104.79,39.4815,104.79,62.8391,62.9829,0,0,1794.85,-1668.29,train
21,52.3173,6.03773,0.0111943,172.604,33.7713,64.4298,25.3237,64.4298,44.312,44.4814,0,0,74.9348,-44.2948,train
22,51.5747,17.1951,0.0149465,11.6128,25.088,82.7643,49.9724,82.7643,66.4378,66.532,0,0,24.6068,15.15,train
23,196.076,128.322,0.0253116,420.777,22.0924,55.9181,127.57,127.57,89.2453,89.4017,196.076,0,4952.45,-3979.32,test
24,42.2479,17.6499,0.435733,30.9657,36.9198,81.7569,122.71,122.71,105.396,107.299,42.2479,0,88.4564,689.277,train
25,49.0084,28.5915,0.357372,45.626,28.5845,57.9084,70.4207,70.4994,66.36,67.6588,45.3327,0,83.3656,774.978,train
26,155.709,11.9536,0.0136526,30.0977,20.6644,63.3746,54.0173,63.5301,59.7678,60.9104,15.5709,0,170.926,160.085,test
27,186.203,107.736,0.0238748,1634.61,23.4507,62.4707,146.669,146.669,95.0513,94.8922,186.203,0,14597.1,-13769.4,train
28,28.1213,20.109,0.0412256,19.2189,25.8508,91.2315,22.404,91.2315,56.8808,56.9477,0,0,16.6877,15.9139,train
29,124.233,13.0606,0.00711396,14.5788,18.1184,73.317,33.3446,73.317,53.6174,53.9619,0,0,62.6883,47.1065,train
30,188.929,39.1757,0.564306,72.7259,17.1243,141.017,99.256,184.42,157.878,180.113,80.2947,0,1823.43,18319,train
31,197.543,11.8107,0.00267199,493.064,24.0471,147.946,114.813,147.946,111.443,111.047,0,0,3696.97,-3592.7,train
32,109.455,120.261,0.150174,69.6341,20.9515,26.6809,72.3225,72.3225,50.5627,51.208,109.455,0,223.243,1575.91,train
33,44.0293,32.5302,0.194587,75.139,36.2072,139.065,95.7772,139.065,117.691,118.159,0,0,264.585,112.638,train
34,101.818,23.065,0.309626,44.3935,22.2502,51.9337,33.3025,61.0487,53.4019,59.4557,38.1816,0,136.777,3073.06,train
35,128.219,8.87772,0.0938023,327.691,35.6489,73.7888,53.9361,83.892,70.8149,78.0113,48.0823,0,801.652,740.479,train
36,171.625,69.9216,0.836888,390.243,36.1764,142.698,119.291,172.556,151.726,166.667,72.9407,0,6584.24,18066.5,train
37,44.8493,6.26791,0.166668,149.671,20.6005,119.995,125.755,127.207,120.09,122.034,32.5158,0,558.614,-223.366,train
38,198.759,14.8438,0.0072313,273.265,30.2173,124.823,39.0126,124.823,75.9242,76.4079,0,0,1523.98,-1238.31,train
39,94.7591,141.245,0.0358123,22.4325,28.0279,65.9337,52.7582,65.9337,59.4918,59.5891,0,0,66.7028,254.866,train
40,151.23,9.61598,0.117372,43.8816,17.9722,28.6321,87.3169,97.9686,77.4734,89.4796,109.642,0,351.114,2333.24,train
41,132.954,57.1856,0.021483,86.9653,16.8015,45.6895,22.53,45.6895,34.3666,34.6405,0,0,195.797,183.952,train
42,134.357,10.3367,0.0188182,70.9604,26.8903,110.56,126.479,126.479,115.577,116.702,134.357,0,723.32,-383.617,train
43,67.1745,18.1833,0.362452,12.1023,25.2712,89.783,75.9988,95.0978,89.956,93.8763,23.5111,0,52.287,1583.24,train
44,105.172,9.98287,0.0146408,1873.79,15.484,25.3812,147.911,147.911,71.2922,71.5319,105.172,0,2935.73,-2773.78,train
45,23.1065,63.0356,0.0042833,53.3851,23.7786,55.4508,120.616,120.616,87.9327,87.9282,23.1065,0,78.8462,-76.5593,train
46,139.839,113.58,0.0331557,1125.95,35.7714,114.985,67.6299,114.985,87.2907,87.301,0,0,6485.49,-5837.13,train
47,36.9163,187.229,0.0964258,114.111,27.2287,144.847,50.1597,144.847,97.4303,97.4533,0,0,294.484,-163.074,test
48,175.064,18.8269,0.00263116,10.0042,23.4094,27.9774,95.5386,95.5386,61.816,61.9863,175.064,0,66.1212,14.517,train
49,190.404,32.1016,0.131983,22.0614,29.5562,70.3489,112.823,116.051,102.896,109.368,152.323,0,301.737,4483.13,train
50,89.0413,8.23744,0.965408,340.311,28.4367,133.968,123.465,233.323,177.028,216.021,42.2946,0,2689.23,4964.88,train
51,145.895,9.17775,0.0269504,62.7648,28.151,88.9362,137.198,137.198,112.42,114.832,145.895,0,652.566,-78.9187,train
52,97.413,188.902,0.346119,1762.43,23.6877,25.978,72.7517,72.7517,49.1749,49.8451,97.413,0,3751.08,-466.654,train
53,115.604,84.8948,0.449964,1417.66,19.8705,78.3551,130.929,130.929,101.271,103.883,115.604,0,9910.79,-3897.34,train
54,161.022,69.3624,0.0116115,1041.46,38.1727,80.4421,48.8544,80.4421,61.942,61.9783,0,0,2794.83,-2493.77,train
55,68.9814,32.4726,0.0316418,1952.9,18.1827,35.152,64.1399,64.1399,45.2593,45.2451,68.9814,0,2140.65,-1990.08,train
56,159.59,177.912,0.00435367,57.5778,18.6474,53.1775,96.5996,96.5996,74.7023,74.7157,159.59,0,510.13,-399.246,train
57,176.464,108.206,0.955647,778.861,17.5302,110.991,62.9548,122.949,102.048,113.64,52.9391,0,9422.19,20336.2,train
58,128.829,25.0282,0.00120842,299.421,38.6183,73.6462,87.9402,87.9402,77.2294,77.0732,128.829,0,1165.85,-1145.8,test
59,135.72,10.6317,0.131418,592.216,33.0137,21.1241,33.5573,54.7991,42.7195,52.4026,74.6459,0,284.344,2136.36,train
60,26.9736,54.6264,0.0958187,20.0714,22.6784,128.025,141.496,141.496,134.772,134.823,26.9736,0,60.5757,9.13969,train
61,160.162,40.7642,0.752831,34.1395,18.7477,133.086,112.961,181.975,159.9,180.522,72.0728,0,757.183,18554.3,train
62,22.8969,5.04294,0.103408,177.958,15.1121,62.8334,148.586,148.586,101.698,101.896,22.8969,0,307.189,-252.975,train
63,111.469,13.5488,0.516583,541.459,33.4314,45.0648,136.964,153.687,113.434,133.212,80.8148,0,2673.46,3745.22,test
64,133.938,14.2677,0.00607978,246.528,38.0873,116.417,134.671,134.671,116.385,116.228,133.938,0,1835.25,-1726.18,train
65,81.6211,20.4157,0.221186,247.947,33.9345,106.963,111.232,116.117,109.814,112.68,46.9321,0,1299.89,173.649,train
66,113.616,40.0957,0.00113602,95.5938,25.3307,51.2513,104.174,104.174,76.66,76.6135,113.616,0,530.619,-515.955,test
67,165.036,15.3741,0.0590519,16.0891,39.1914,55.3722,128.578,128.578,99.6181,104.142,165.036,0,155.855,1452.53,train
68,31.2888,29.5251,0.0112922,145.372,17.3678,58.1226,111.134,111.134,83.8403,83.809,31.2888,0,293.858,-282.803,train
69,127.666,20.9711,0.156283,1065.97,25.7345,68.4513,53.1285,73.7904,62.3196,67.2203,41.4915,0,2366.31,180.89,train
70,29.0907,11.3335,0.00231558,36.4538,38.7867,141.909,49.8053,141.909,95.4416,95.424,0,0,59.0419,-57.0823,train
71,32.9713,7.99867,0.00708983,29.6539,33.5229,44.3922,129.8,129.8,86.6518,86.6634,32.9713,0,50.7809,-43.0735,train
72,28.0871,23.9478,0.0173703,113.579,30.6116,66.5078,83.4703,83.4703,74.5654,74.563,28.0871,0,136.799,-123.095,train
73,72.5389,6.29653,0.89216,1180.97,28.2191,134.482,55.9789,180.594,125.664,156.638,27.2021,0,2515.38,2179.07,train
74,34.727,112.844,0.00388879,124.772,37.8773,106.517,100.543,106.517,103.327,103.317,0,0,281.556,-276.866,train
75,127.398,58.4055,0.00728756,118.828,34.3145,139.644,136.696,139.644,136.271,136.24,0,0,1472.14,-1353.86,train
76,179.487,15.0533,0.0105846,51.9657,19.9831,87.2569,121.77,121.77,102.631,103.411,179.487,0,691.756,-350.766,test
77,27.5161,19.345,0.779512,319.861,30.8721,27.0262,30.312,32.6468,31.1202,32.4513,16.5097,0,2.26346,587.932,train
78,62.0325,59.1092,0.109167,367.372,17.2849,105.133,57.7906,105.133,80.1936,80.3986,0,0,1337.75,-917.668,test
79,92.7102,41.2044,0.0216542,505.732,25.3055,136.756,50.4663,136.756,89.2118,89.1508,0,0,2482.02,-2295.9,train
80,92.2488,140.644,0.718818,887.093,27.1119,139.359,133.266,140.53,135.227,136.865,25.3684,0,7989.47,-1872.44,train
81,155.973,7.76018,0.0731136,53.8757,31.0639,56.9471,121.467,125.537,102.419,112.117,124.779,0,500.311,1278.37,train
82,174.286,130.115,0.0433268,657.119,34.8072,102.76,101.302,102.76,98.9619,99.1887,0,0,6326.08,-5010,train
83,195.044,189.966,0.00162717,294.178,39.0441,41.2666,55.6098,55.6098,48.2496,48.2514,195.044,0,500.006,-438.105,test
84,120.517,115.338,0.00187096,27.2578,21.8444,106.416,82.3736,106.416,94.2444,94.2447,0,0,236.567,-209.393,test
85,96.0173,6.18785,0.00125839,28.6774,39.4042,83.2886,27.6769,83.2886,55.1098,55.1618,0,0,39.9465,-28.3449,train
86,123.386,17.4927,0.00203333,1734.46,23.3779,37.3487,127.315,127.315,70.0309,69.6988,123.386,0,3527.71,-3496.75,train
87,127.182,7.16732,0.0193152,1536.52,38.6349,126.298,35.0136,126.298,73.1461,74.7396,0,0,1450.46,-1138.03,train
88,120.698,12.2427,0.027713,292.919,17.4453,77.5555,75.1153,77.7995,71.2246,72.2786,18.1047,0,1262.82,-859.096,train
89,162.774,9.9975,0.00669999,78.8083,37.6948,34.7933,131.255,131.255,80.9051,81.4879,162.774,0,449.559,-272.039,train
90,187.338,49.0996,0.488887,12.3928,27.1259,102.888,108.772,149.363,133.784,149.044,98.3527,0,246.981,16910.8,train
91,123.116,33.2408,0.172771,97.7212,33.55,38.0004,69.2272,69.5498,59.264,62.6633,110.804,0,290.89,2327.89,test
92,50.5498,6.66771,0.0972265,22.2282,21.4128,85.1416,90.3913,92.4413,89.8659,91.4411,32.8574,0,74.6257,173.815,train
93,35.3163,191.426,0.122193,564.837,20.1179,139.775,32.2009,139.775,85.5022,85.5048,0,0,1279.25,-1126.85,train
94,48.3596,86.4529,0.0052243,1244.09,35.5146,89.176,37.8765,89.176,62.2141,62.1463,0,0,1423.59,-1411.37,train
95,131.819,8.92875,0.00277184,251.703,25.0225,135.538,111.68,135.538,109.973,109.557,0,0,1723.44,-1675.28,train
96,72.0252,9.46635,0.275278,991.099,21.8011,118.414,52.1618,118.414,82.975,88.908,0,0,1942.22,-514.179,train
97,113.131,55.9489,0.809368,35.2488,32.7316,104.25,79.6706,116.553,106.555,114.627,42.4241,0,291.85,10066.9,train
98,197.784,158.497,0.196211,903.862,19.9663,141.451,113.311,141.451,123.586,125.278,0,0,15364.7,-7689.22,train
99,123.854,129.207,0.00837722,15.3024,29.3895,111.207,120.472,120.472,115.816,115.853,123.854,0,163.353,-34.8484,train
100,88.7637,149.563,0.34889,1529.8,21.5219,124.772,61.8601,124.772,90.5079,91.073,0,0,8031.26,-5282.35,train
101,163.195,7.38163,0.04264,256.541,30.6881,53.4724,101.101,101.882,79.3347,85.5384,146.875,0,1031.68,103.933,test
102,78.4928,63.2961,0.00344393,1698.6,30.3529,101.559,122.885,122.885,103.661,103.24,78.4928,0,7115.25,-7094.03,train
103,75.8788,19.9462,0.0142895,1227.13,20.9748,45.3563,66.6831,66.6831,50.7935,50.7276,75.8788,0,1556.57,-1474.3,train
104,53.6124,5.99816,0.163791,209.533,16.3555,53.6373,26.3132,54.0306,43.2875,46.5436,5.36124,0,225.653,245.128,train
105,115.981,163.811,0.0043149,101.561,37.4604,126.143,35.7022,126.143,80.6984,80.699,0,0,502.515,-444.473,test
106,96.3371,144.102,0.0079006,1722.88,35.0991,117.318,51.9277,117.318,81.1969,81.0316,0,0,6325.17,-6251.85,train
107,32.1807,5.1952,0.0103669,37.6426,32.3678,132.601,143.974,143.974,136.547,136.527,32.1807,0,120.925,-110.189,train
108,104.199,38.7644,0.00142626,297.417,21.0658,130.512,148.938,148.938,133.485,133.154,104.199,0,3037.36,-3021.88,train
109,122.683,5.33457,0.00479261,47.6553,23.8144,46.4793,68.3302,68.3302,56.1479,56.6095,122.683,0,157.54,-85.4058,train
110,67.4909,157.546,0.141328,1928.63,16.054,122.933,26.705,122.933,71.9412,71.9419,0,0,6315.86,-5672.11,train
111,41.2487,12.5879,0.047465,301.612,37.7591,119.637,68.4976,119.637,91.0368,91.1223,0,0,561.368,-480.608,train
112,28.9351,7.54419,0.733934,20.1811,39.0306,96.6176,23.0775,96.6176,66.2844,69.8362,0,0,15.773,598.707,train
113,196.963,76.4783,0.0267871,36.8664,38.758,145.712,127.608,145.712,137.007,137.557,0,0,701.08,338.114,test
114,149.769,21.1449,0.0327973,620.589,37.0067,104.437,109.345,109.345,98.4998,99.5053,149.769,0,3273.84,-2538.17,train
115,52.9772,16.7558,0.110746,1651.58,32.219,33.5991,115.739,115.739,68.9143,69.4052,52.9772,0,1715.32,-1404.5,test
116,105.725,17.2625,0.293414,586.823,35.9132,54.4819,129.32,129.413,96.8792,104.625,103.082,0,2310.28,969.463,test
117,86.1635,50.3253,0.0414255,17.4212,30.4763,36.7292,52.5666,52.5666,45.1083,45.3735,86.1635,0,21.8587,285.69,train
118,178.996,7.9051,0.00321125,71.3396,19.4703,120.839,43.66,120.839,77.6285,77.8976,0,0,575.433,-472.545,train
119,27.829,97.8407,0.683551,24.9666,21.7498,25.2572,133.651,133.651,79.8595,80.0942,27.829,0,40.3278,489.05,train
120,181.193,31.1223,0.701472,19.8875,22.822,108.093,124.572,208.352,174.908,207.178,95.1263,0,540.967,22489,train
121,141.862,9.19694,0.0341664,10.2958,38.8759,76.6426,34.7384,76.6426,61.4611,64.7125,0,0,32.2095,655.385,train
122,137.816,19.4348,0.472273,25.1526,23.8643,146.038,89.2843,178.072,153.207,173.273,51.6811,0,436.354,8533.68,train
123,102.434,18.2585,0.219577,84.5069,38.1523,30.7614,37.8509,50.148,44.2601,49.7545,56.3385,0,49.566,2254.38,train
124,169.606,12.0322,0.00512355,930.002,23.231,121.548,59.8809,121.548,77.0441,77.1003,0,0,2879.48,-2732.1,train
125,91.2092,17.4437,0.0170168,378.835,34.6418,65.5882,51.4145,65.5882,56.6694,56.8949,0,0,562.369,-420.805,test
126,123.981,22.817,0.0104521,480.806,34.1741,119.228,66.0332,119.228,86.1789,86.1392,0,0,2125.86,-1965.2,train
127,44.6267,33.8171,0.0404095,753.564,35.2857,33.691,27.1831,33.691,30.9194,31.039,0,0,-124.25,204.727,train
128,150.727,125.718,0.0560796,1089.14,17.5427,109.87,76.9714,109.87,88.3563,88.4829,0,0,9399.61,-8125.56,train
129,110.142,20.2106,0.02463,137.649,19.4091,135.967,34.4639,135.967,83.0388,83.496,0,0,847.668,-548.875,train
130,69.9204,93.7828,0.00762141,520.025,20.2675,91.4673,135.512,135.512,110.856,110.721,69.9204,0,3072,-3034.74,train
131,168.082,10.2373,0.0183887,19.9966,20.016,125.151,93.6279,125.151,111.187,113.272,0,0,288.949,230.56,train
132,117.966,10.716,0.0013637,62.0677,28.7948,98.9032,50.3375,98.9032,72.624,72.5817,0,0,284.985,-266.008,train
133,50.8919,15.3152,0.106927,19.7543,23.6651,62.9822,146.956,146.956,105.996,106.761,50.8919,0,81.7935,195.145,train
134,31.8337,20.3726,0.0856216,164.731,32.791,95.7224,149.182,149.182,121.024,121.107,31.8337,0,441.47,-354.702,train
135,44.477,186.33,0.0809379,21.1424,25.8042,24.963,29.4021,29.4021,27.2518,27.2893,44.477,0,1.36155,158.75,train
136,175.631,145.801,0.010524,1693.82,25.8829,109.705,27.9242,109.705,64.5571,64.4278,0,0,8442.89,-8118.26,train
137,84.7501,131.004,0.0114696,465.726,21.936,64.6905,77.895,77.895,70.2185,70.1813,84.7501,0,1804.23,-1721.85,train
138,158.709,5.52981,0.00326653,13.3499,28.3022,146.134,21.6545,146.134,83.4885,84.0463,0,0,109.171,-26.8915,train
139,149.371,8.59354,0.0801094,46.1857,24.6464,80.0761,118.043,126.753,110.914,119.709,104.559,0,518.951,1268.42,train
140,38.6967,9.50703,0.00757095,462.406,24.867,71.0577,37.5279,71.0577,51.4993,51.4024,0,0,356.723,-345.386,train
141,92.9134,8.49907,0.00104738,1144.33,33.9711,107.133,106.655,107.133,91.5375,91.081,0,0,2136.63,-2127.59,train
142,25.8181,9.68542,0.0665557,76.27,23.8982,103.29,55.1319,103.29,78.7012,78.8503,0,0,103.969,-59.6043,test
143,100.753,9.81617,0.00292811,46.8825,26.9952,96.8682,98.2997,98.2997,95.3788,95.372,100.753,0,296.53,-266.806,train
144,180.69,57.5859,0.0046217,150.8,37.4882,80.1446,33.7486,80.1446,56.4875,56.5638,0,0,475.933,-325.04,train
145,170.63,23.4748,0.148322,360.545,38.9391,79.4097,97.7006,109.235,95.4279,103.018,106.644,0,2359.74,1958.6,train
146,37.2734,82.308,0.0646146,1078.79,30.2926,69.2329,71.1892,71.1892,68.8974,68.8654,37.2734,0,1423.26,-1333.49,test
147,86.8922,39.957,0.00290224,1200.6,26.5417,27.8255,32.8687,32.8687,29.9335,29.9348,86.8922,0,242.674,-220.762,train
148,60.921,142.083,0.0551165,925.893,17.9084,107.982,22.8334,107.982,64.1337,64.1171,0,0,2428.01,-2223.45,test
149,198.479,6.41717,0.0320456,96.5941,38.3726,127.587,128.892,146.936,130.27,138.133,99.2396,0,1151.61,110.789,train
150,147.788,12.7288,0.00201443,183.603,29.6463,37.6551,26.392,37.6551,32.017,32.1527,0,0,46.5438,-2.54626,train
151,57.4199,183.945,0.00805052,131.629,30.0989,52.5489,135.081,135.081,93.6128,93.6066,57.4199,0,476.36,-449.817,train
152,150.57,30.0815,0.0337805,213.128,28.6533,125.529,56.398,125.529,88.7469,89.6238,0,0,1614.1,-848.246,train
153,99.6858,78.7281,0.0290527,21.7961,30.4654,134.34,142.849,142.849,138.646,138.792,99.6858,0,233.851,54.8534,train
154,155.18,10.2112,0.00332155,89.2905,39.5453,73.6159,112.778,112.778,89.5507,89.6636,155.18,0,556.218,-476.232,train
155,182.09,40.6879,0.00117527,106.965,19.5701,120.922,115.653,120.922,114.964,114.813,0,0,1706.33,-1667.36,test
156,87.6403,173.127,0.244396,47.3176,35.3181,60.449,67.4793,67.4793,64.7866,65.2575,87.6403,0,121.743,1755.42,train
157,165.563,9.25206,0.001787,366.205,23.5351,21.5011,91.2333,91.2333,50.8655,50.8551,165.563,0,802.648,-753.665,train
158,181.694,105.293,0.00554649,97.4666,24.16,72.6696,66.3946,72.6696,69.0714,69.1124,0,0,771.063,-587.958,test
159,75.6448,5.85604,0.297655,144.113,35.2054,77.7682,85.0499,114.763,97.7411,110.016,39.7135,0,507.763,1195.46,train
160,172.396,14.6372,0.666872,215.778,33.7427,55.248,75.6569,226.499,156.038,213.878,90.5079,0,3051.04,16768.7,train
161,50.617,57.9446,0.0226808,82.7829,21.6891,80.5213,141.746,141.746,110.691,110.704,50.617,0,367.94,-309.83,train
162,148.929,5.84788,0.00114237,13.8623,34.9205,102.013,60.9066,102.013,80.5771,80.6956,0,0,88.4464,-63.1089,train
163,144.676,91.7981,0.0852577,999.437,26.8532,56.6499,120.848,120.848,84.7658,85.3199,144.676,0,6522.57,-4738.03,train
164,78.6521,22.51,0.41286,22.6313,29.7282,35.2781,145.664,145.664,99.2295,104.165,78.6521,0,122.266,2431.75,train
165,183.557,6.34834,0.307463,28.4696,28.2671,143.938,27.4459,288.851,206.371,276.905,78.0118,0,810.288,9549.13,test
166,98.7397,27.4086,0.246526,199.645,16.771,83.0602,68.2465,86.6959,79.497,83.1411,29.6219,0,1092.46,1311.05,train
167,144.964,98.0786,0.00508592,1250.99,18.3941,32.0794,28.7407,32.0794,29.3256,29.3125,0,0,1490.1,-1383.22,test
168,151.673,7.24617,0.376659,187.652,22.777,120.466,66.2469,232.451,162.985,213.503,68.2529,0,2297.59,6367.36,test
169,177.832,90.6503,0.00276123,1775.4,19.3202,22.8196,76.5253,76.5253,45.5577,45.4034,177.832,0,5182.57,-5095.25,train
170,105.642,6.76676,0.00392293,227.706,15.4644,41.321,61.3754,61.3754,46.7945,46.8383,105.642,0,467.828,-424.048,train
171,63.1326,7.88887,0.185538,1314.07,27.7669,88.4174,69.292,89.1803,74.2055,77.8046,9.46989,0,1446.44,-706.94,train
172,55.5,31.5233,0.0263756,24.4925,37.4277,128.765,35.2823,128.765,82.0749,82.1784,0,0,60.2082,21.0353,train
173,31.9275,11.6502,0.367061,745.222,21.1165,123.497,24.8282,123.497,70.9845,72.0861,0,0,869.506,-495.338,train
174,157.276,16.6351,0.241972,880.758,25.7575,129.798,114.493,156.95,126.146,140.68,70.7741,0,5821.75,163.58,train
175,101.999,13.8067,0.0117017,1382.51,28.8407,124.067,64.2089,124.067,81.4911,81.4024,0,0,2887.83,-2766.09,test
176,190.736,5.31441,0.00488126,272.018,25.2339,76.3565,147.328,147.328,96.603,97.4006,190.736,0,1470.34,-1292.75,train
177,36.7432,190.31,0.0885009,416.554,15.3598,127.264,143.517,143.517,134.662,134.644,36.7432,0,1798.78,-1679.3,test
178,66.69,51.7674,0.00695637,694.313,26.8262,55.8821,108.423,108.423,79.0026,78.8526,66.69,0,2075.53,-2044.59,train
179,108.505,12.4515,0.00121108,196.268,32.8326,68.6649,131.55,131.55,93.9995,93.7266,108.505,0,996.976,-982.718,train
180,157.705,20.53,0.227889,38.2549,26.7465,132.067,85.5188,146.334,128.784,140.709,51.2541,0,585.706,5082.09,train
181,95.509,49.9616,0.00827121,286.079,36.9977,116.828,127.834,127.834,119.154,119.033,95.509,0,2038.22,-1962.77,train
182,120.819,83.007,0.0210341,605.958,36.8111,118.533,137.659,137.659,123.162,123.035,120.819,0,5441.46,-5134.42,train
183,132.58,5.46397,0.00137191,554.195,31.9222,59.5346,31.1705,59.5346,42.736,42.8308,0,0,265.109,-240.994,train
184,23.4414,5.50245,0.00451846,51.5824,24.7051,148.177,55.8143,148.177,100.717,100.661,0,0,88.2792,-85.7963,train
185,116.38,25.6701,0.113725,86.2501,36.2513,51.3843,36.9087,53.2691,48.6218,51.2205,29.0949,0,116.389,1423.93,train
186,129.143,52.7805,0.00977375,11.7263,32.1764,66.7785,73.1488,73.1488,70.1249,70.2548,129.143,0,57.1678,105.837,train
187,117.13,152.457,0.739208,202.733,39.366,144.692,90.8752,144.692,122.143,124.991,0,0,1912.37,8229.08,test
188,192.087,16.1388,0.00310674,58.2523,36.6142,124.502,49.3826,124.502,85.1163,85.292,0,0,481.204,-366.573,train
189,166.087,5.87758,0.00410137,334.194,16.4075,106.03,117.943,117.943,94.2472,94.3809,166.087,0,1749.41,-1636.28,train
190,179.768,10.4166,0.00346921,181.114,23.4932,49.4778,88.1674,88.1674,63.64,63.8178,179.768,0,847.371,-735.258,test
191,151.061,33.4197,0.00834709,155.914,34.8722,26.601,29.6771,30.4526,28.8963,29.1615,109.519,151.061,-124.501,314.977,train
192,115.021,101.3,0.0673439,39.6139,29.0864,67.5605,67.1009,68.3819,67.9017,68.2779,51.7593,0,175.449,715.494,train
193,138.742,48.4652,0.00281278,1414.91,38.288,132.229,107.2,132.229,107.766,107.268,0,0,8082.67,-8028.53,train
194,109.599,20.617,0.0120521,225.455,35.1855,44.2352,66.8606,66.8606,54.6019,54.8262,109.599,0,393.884,-249.114,train
195,191.463,39.424,0.316819,27.0224,22.1464,49.2565,82.4396,104.217,89.021,101.859,119.665,0,340.243,11273.8,train
196,68.7744,24.0211,0.593909,11.2795,34.8861,47.8315,79.916,82.8631,73.2679,78.3773,53.3001,0,29.7705,2779.37,train
197,180.195,17.0148,0.00183469,25.289,16.3341,74.3629,132.469,132.469,101.914,101.964,180.195,0,371.406,-311.833,test
198,107.244,28.4826,0.0018163,28.9247,21.6526,36.794,53.7932,53.7932,45.1466,45.1666,107.244,0,71.42,-50.5304,train
199,189.137,17.294,0.018242,423.994,38.3846,47.3693,136.381,136.381,85.9892,87.2271,189.137,0,2138.23,-1485.66,train
200,195.799,5.24017,0.00212453,26.4592,31.4227,136.178,119.566,136.178,123.021,123.365,0,0,401.88,-320.431,train
201,123.662,45.8428,0.00226472,25.913,26.9106,20.3162,51.6123,51.6123,35.9739,36.004,123.662,0,28.6702,5.96247,train
202,141.13,8.48955,0.00455286,81.9739,23.9731,111.804,45.1776,111.804,74.9727,75.2042,0,0,473.239,-382.557,train
203,108.319,12.6495,0.0110402,815.216,38.9699,57.4285,65.3452,65.3452,57.9659,58.2392,108.319,0,786.849,-657.315,train
204,117.233,6.94004,0.00477128,111.51,36.7607,114.389,91.8114,114.389,97.2826,97.3547,0,0,592.019,-526.445,train
205,116.723,10.7751,0.0109269,21.5006,16.4012,148.53,144.457,148.53,145.256,145.723,0,0,309.916,-161.044,train
206,39.3302,59.5048,0.00106544,99.7956,27.2506,23.9717,118.811,118.811,71.1575,71.1448,39.3302,0,170.22,-168.572,test
207,142.478,6.22584,0.00115114,1205.56,17.1502,91.0035,138.15,138.15,91.495,91.104,142.478,0,2787.25,-2763.89,train
208,54.5674,161.896,0.0169189,16.7555,30.2639,148.361,101.62,148.361,124.971,124.982,0,0,86.4997,-36.1219,train
209,175.387,74.9692,0.00123983,233.904,26.3399,91.6719,77.3179,91.6719,82.2883,82.1835,0,0,2083.89,-2045.76,train
210,78.8175,54.3904,0.0391687,67.7313,27.3877,46.0871,57.0566,57.0566,51.7413,51.9256,78.8175,0,127.696,115.628,train
211,50.1884,36.3444,0.689449,26.57,28.1874,31.2371,47.4209,48.0301,43.1635,45.2509,42.6601,0,19.9568,1716.68,train
212,189.779,79.4405,0.885462,441.932,36.8885,46.5753,60.6614,102.438,82.5159,99.8148,99.6337,0,3202.68,28688,train
213,48.2399,43.7006,0.0351327,716.373,35.266,38.5191,78.2746,78.2746,57.3274,57.3412,48.2399,0,665.596,-583.839,train
214,73.0168,18.6254,0.00580952,322.374,26.4229,141.741,71.868,141.741,100.914,100.663,0,0,1426.35,-1395.38,test
215,114.935,22.6057,0.00100737,124.156,16.7479,38.8369,98.4977,98.4977,66.4505,66.3491,114.935,0,635.148,-621.84,train
216,137.931,6.51937,0.0866898,12.928,26.0534,128.655,83.8514,141.044,124.61,135.541,44.8277,0,167.799,1481.48,train
217,30.9518,21.7617,0.00552451,37.8891,17.8225,139.476,100.002,139.476,119.312,119.296,0,0,117.825,-112.532,train
218,113.304,86.1447,0.00160952,219.059,32.4872,74.7817,54.1665,74.7817,63.7939,63.7641,0,0,737.353,-716.69,train
219,183.302,15.2218,0.392594,396.841,27.047,135.761,89.7083,210.886,155.999,192.276,82.4858,0,5015.75,8175.23,test
220,125.68,55.6599,0.0125284,13.0577,18.5555,142.592,90.228,142.592,116.461,116.603,0,0,159.796,38.0967,train
221,93.8163,9.88551,0.7251,24.0859,27.6456,60.7418,146.311,188.898,153.504,181.581,58.6352,0,274.832,6107.13,train
222,76.1439,6.74584,0.0108204,1100.14,16.5071,139.254,78.9721,139.254,90.123,89.8778,0,0,2158.78,-2096.04,train
223,193.782,21.9597,0.00302771,14.473,39.1677,41.7184,96.0374,96.0374,68.9915,69.2,193.782,0,81.7088,31.9864,train
224,193.993,67.9863,0.0621477,17.9222,21.8372,128.471,40.6831,128.471,87.0968,88.5854,0,0,224.955,2113.86,train
225,40.6323,57.6952,0.0280148,199.14,33.8658,82.1286,133.973,133.973,107.291,107.278,40.6323,0,578.884,-532.632,train
226,151.471,8.34642,0.0790206,706.567,16.9801,29.2073,37.3359,57.2135,42.9271,51.9757,83.3092,0,859.945,953.069,train
227,143.564,49.339,0.0533443,80.9756,27.3519,105.497,111.379,111.626,108.736,109.623,122.029,0,906.516,192.943,train
228,148.313,9.44291,0.00361047,483.232,39.0693,76.0466,97.3163,97.3163,78.34,78.3544,148.313,0,1271.86,-1192.44,train
229,194.386,38.5323,0.571812,20.392,35.8164,71.6639,85.8553,148.683,123.503,147.979,102.053,0,344.896,21261.5,train
230,90.4363,9.37387,0.00738985,71.9827,33.6937,25.5773,29.544,30.0212,28.3434,28.6392,72.349,90.4363,-30.8553,91.2948,test
231,125.806,10.3649,0.00647672,104.017,22.4069,87.103,116.31,116.31,96.5082,96.6171,125.806,0,788.895,-686.388,train
232,169.859,91.0651,0.513906,15.8389,19.0626,61.9365,109.162,112.692,98.578,105.689,135.887,0,213.597,14613.6,train
233,80.2439,155.723,0.00157736,635.148,21.553,66.3473,129.602,129.602,96.1035,95.9985,80.2439,0,3580.89,-3570.73,train
234,134.7,28.8587,0.235568,186.585,19.8242,42.2538,131.146,131.146,94.1167,100.323,134.7,0,1610.4,2663.74,train
235,199.374,100.006,0.0271597,1560.72,34.3752,103.998,70.215,103.998,80.9761,81.1096,0,0,9415.57,-8335.96,train
236,46.1687,13.9814,0.00173502,44.2912,31.6526,72.9767,116.153,116.153,93.8579,93.827,46.1687,0,123.804,-120.105,train
237,41.7692,13.4411,0.0134643,900.134,32.0933,116.31,131.697,131.697,112.799,112.323,41.7692,0,2039.21,-2015.72,train
238,155.343,6.80323,0.104698,64.9769,32.4372,129.099,112.324,163.11,140.403,156.02,69.9042,0,856.81,1669.69,train
239,160.362,122.227,0.115083,29.9712,18.9195,54.9084,64.6378,64.7362,61.6013,62.6523,144.326,0,203.855,2755.62,train
240,59.642,25.5274,0.00873754,133.881,31.1488,140.163,59.3559,140.163,98.2389,98.199,0,0,506.162,-475.081,train
241,152.121,73.4508,0.108521,230.358,39.6124,67.7444,28.5839,67.7444,50.5314,52.0014,0,0,352.544,2158.72,train
242,96.5581,76.8921,0.75905,14.3437,19.749,32.8831,79.4456,79.4456,63.5748,67.5972,96.5581,0,60.746,7016.23,train
243,103.832,5.54824,0.174718,54.5254,17.0225,91.0768,69.8459,120.964,101.83,116.294,44.1285,0,404.466,1479.18,train
244,107.618,148.306,0.0698754,14.1655,39.9211,116.671,88.9656,116.671,103.208,103.443,0,0,96.3081,712.962,test
245,34.4001,154.622,0.313008,1894.25,36.3717,90.7075,107.305,107.305,97.2654,97.2597,34.4001,0,3679.63,-3309.22,test
246,51.3271,170.61,0.771474,115.5,23.7967,96.2053,23.3498,96.2053,60.6397,61.1546,0,0,217.131,1815.29,train
247,66.204,11.4595,0.319143,1023.01,19.6331,131.25,30.9457,131.25,78.3959,83.1408,0,0,1993.54,-594.744,test
248,25.0851,29.8615,0.00104301,266.321,24.5313,72.0403,88.4625,88.4625,79.2895,79.2347,25.0851,0,351.115,-350.459,test
249,51.9934,19.935,0.00110154,35.7139,21.8856,29.2764,86.4522,86.4522,57.6069,57.5977,51.9934,0,65.1889,-62.2111,train
250,193.68,17.5318,0.00144448,436.155,32.3914,39.267,139.956,139.956,80.7225,80.4576,193.68,0,2260.86,-2206.67,train
251,106.295,61.0958,0.0524373,1472.73,34.0342,53.6615,126.417,126.417,84.1354,84.2265,106.295,0,5408.26,-4815.79,test
252,189.347,179.203,0.177792,413.489,24.4317,143.674,46.8968,143.674,95.8109,97.23,0,0,5171.27,1202.98,test
253,140.786,118.116,0.855047,1966.2,25.6187,63.9368,105.641,106.945,88.2471,94.0708,119.668,0,12198.7,4748.84,train
254,88.2607,113.303,0.777383,342.868,29.485,65.3029,123.836,123.836,97.4766,99.7298,88.2607,0,1961.87,4093.9,train
255,126.022,58.7793,0.00199998,28.2123,16.6179,32.4137,138.557,138.557,85.1908,85.1946,126.022,0,241.06,-209.298,train
256,55.9368,192.889,0.0127749,392.722,30.0657,64.5911,74.0718,74.0718,68.9908,68.979,55.9368,0,837.182,-797.211,train
257,58.9597,14.458,0.455207,276.102,36.1269,31.8018,63.4772,65.506,54.9903,59.6774,47.1678,0,254.315,1328.1,train
258,79.0828,14.2084,0.0137719,41.4898,20.5644,100.653,22.6023,100.653,61.3781,61.6002,0,0,128.394,-42.2638,train
259,102.868,40.3168,0.0386364,16.8472,34.25,50.4876,43.4948,50.4876,47.7669,48.2076,0,0,23.2706,385.572,train
260,47.5194,11.5566,0.0612466,866.193,35.968,89.4545,122.606,122.606,97.0856,97.1425,47.5194,0,1560.62,-1422.32,train
261,120.271,147.271,0.0017523,52.9586,16.102,26.4202,147.532,147.532,86.74,86.7328,120.271,0,446.288,-420.941,train
262,109.295,17.8944,0.0422406,84.1087,32.9191,137.106,142.623,142.824,138.14,139.144,95.6333,0,883.309,-378.727,train
263,37.926,7.69068,0.0080098,29.1028,27.2874,94.6906,95.2327,95.2327,94.3126,94.3333,37.926,0,72.041,-60.5198,train
264,72.2668,72.3091,0.209978,15.1636,24.3571,129.95,46.6399,129.95,89.4454,90.104,0,0,71.1553,1025.45,train
265,61.2571,11.3872,0.0600112,85.2914,20.3622,104.133,49.4957,104.133,76.483,77.2365,0,0,270.273,-45.0849,train
266,24.6181,100.578,0.00194493,11.5056,35.4422,35.5205,99.0761,99.0761,67.2918,67.2919,24.6181,0,9.01652,-7.83779,train
267,47.737,11.8981,0.0439964,828.364,31.35,143.101,118.635,143.101,118.044,117.772,0,0,2178.87,-2078.61,test
268,88.1178,34.3744,0.795559,77.0239,20.5487,107.424,145.027,151.984,138.925,146.671,63.8854,0,776.624,5400.69,train
269,139.636,56.2398,0.0118489,15.2168,33.8985,137.967,36.1175,137.967,87.2107,87.3807,0,0,112.495,118.538,train
270,182.743,60.2704,0.215435,42.54,34.2255,49.9232,52.4745,66.0204,60.6012,65.8038,95.9401,0,201.761,6992.69,test
271,55.2167,19.2392,0.983244,17.2514,22.7295,122.382,125.279,143.132,136.02,142.808,28.9888,0,107.201,2890.6,train
272,180.512,21.0065,0.00108657,164.052,33.361,28.9261,39.2751,39.2751,34.1642,34.2337,180.512,0,18.9237,16.4814,train
273,112.25,67.4512,0.2558,338.588,28.5347,129.485,98.9707,129.485,114.528,116.413,0,0,2960.71,262.361,train
274,27.3532,27.8642,0.00270304,79.181,24.8099,72.9407,43.7697,72.9407,58.1504,58.1413,0,0,71.1703,-69.1479,train
275,66.9143,146.434,0.0588116,15.0197,18.99,44.6923,62.1894,62.1894,53.5673,53.6448,66.9143,0,34.7101,228.62,train
276,87.8168,130.507,0.554435,60.0018,31.9898,52.9109,81.947,81.947,69.9631,71.3888,87.8168,0,198.909,4076.78,test
277,38.3069,134.251,0.642804,94.9039,37.3514,84.1407,121.612,121.612,103.3,103.599,38.3069,0,238.586,704.676,test
278,83.6418,18.9422,0.0155986,107.326,33.3079,52.1901,108.099,108.099,78.9951,79.1548,83.6418,0,376.994,-267.867,train
279,132.826,74.7724,0.462824,995.508,26.2282,115.354,80.9776,115.807,99.2532,103.601,13.2826,0,7318.51,846.944,train
280,45.8812,93.142,0.010109,513.645,25.1525,90.5922,87.0718,90.5922,87.6153,87.5539,0,0,1405.52,-1384.24,train
281,112.407,119.312,0.0031358,12.6348,15.17,145.595,96.0986,145.595,120.77,120.779,0,0,149.642,-110.02,test
282,94.4911,126.172,0.148379,75.4453,24.7279,91.6339,28.1253,91.6339,60.5664,61.0159,0,0,252.941,1071.87,test
283,174.751,34.2986,0.00378203,153.125,32.6778,72.4975,102.849,102.849,85.0793,85.0671,174.751,0,1226.2,-1110.71,train
284,110.397,98.7446,0.0459639,73.3758,23.0139,72.2538,57,72.2538,64.8087,65.0405,0,0,333.495,226.691,train
285,118.161,50.9313,0.00140822,238.302,28.4427,74.1696,77.6904,77.6904,74.1097,74.022,118.161,0,1166.42,-1146.75,train
286,153.831,39.6457,0.0353947,488.221,15.7055,35.7976,84.1085,84.1085,57.1167,57.8014,153.831,0,2322.66,-1485.08,train
287,64.8155,65.7478,0.0479616,14.2842,31.8971,125.718,133.076,133.076,129.532,129.66,64.8155,0,90.1606,111.329,train
288,164.838,94.8819,0.0784931,353.112,33.7841,85.7708,135.904,135.904,109.291,110.082,164.838,0,3947.93,-1815.15,train
289,98.0398,16.916,0.00419209,16.3207,30.9426,91.87,66.5889,91.87,79.0542,79.1368,0,0,75.6436,-35.35,train
290,79.2315,24.1671,0.072095,372.48,34.5878,119.553,101.843,119.553,106.528,107.038,0,0,1737.43,-1284.85,train
291,158.899,46.9665,0.102667,31.2916,30.5553,99.0782,31.8553,99.0782,69.6084,72.0021,0,0,190.871,2401.33,train
292,153.304,44.5844,0.16076,1915.2,29.0043,141.088,20.6311,141.088,77.0179,80.2403,0,0,6732.66,-2954.45,train
293,20.5422,75.704,0.00255278,58.8916,17.339,87.8028,36.4098,87.8028,62.0485,62.0457,0,0,53.9253,-52.8481,train
294,179.632,47.0147,0.0058351,552.779,24.9735,97.4058,44.5729,97.4058,66.4399,66.3668,0,0,2994.82,-2806.53,train
295,87.4398,32.9715,0.0190527,449.976,39.8642,123.321,119.286,123.321,115.785,115.661,0,0,2454.61,-2308.94,train
296,30.5583,102.412,0.00809067,663.459,35.7986,23.3281,68.5968,68.5968,45.8116,45.8057,30.5583,0,195.745,-188.19,test
297,166.387,45.646,0.00228738,45.5244,36.4055,37.46,29.0075,37.46,33.3861,33.449,0,0,-22.1642,85.4893,test
298,176.706,43.5212,0.020509,33.0329,39.8767,66.864,40.0237,66.864,54.4793,55.1134,0,0,83.2868,557.111,train
299,151.961,46.3441,0.119552,351.917,20.7446,41.032,143.318,143.318,91.5965,93.8999,151.961,0,3130.35,-369.643,train
300,142.766,54.1012,0.00217506,568.67,15.9925,30.4693,81.6406,81.6406,52.7356,52.5925,142.766,0,2347.94,-2303.6,train
301,49.8335,6.53585,0.0150775,59.524,28.7003,112.17,32.4976,112.17,71.3469,71.5145,0,0,116.677,-79.2339,train
302,69.3022,177.137,0.37352,22.5285,29.3644,109.213,93.2407,109.213,101.996,102.436,0,0,113.242,1680.7,test
303,82.9226,19.1449,0.0122521,56.1545,39.8165,146.423,21.5073,146.423,83.4889,83.6331,0,0,194.536,-110.289,train
304,105.482,139.472,0.00318159,23.8139,28.6051,61.8522,89.7332,89.7332,75.7433,75.7503,105.482,0,118.009,-82.6089,test
305,23.9568,5.01037,0.826205,189.871,35.3708,43.8355,46.4474,56.5301,51.709,55.7752,12.5773,0,63.7449,410.437,train
306,196.46,49.7684,0.0428414,26.8463,18.2778,133.589,83.0741,133.589,110.239,111.645,0,0,475.856,1177.68,train
307,197.446,164.353,0.330921,811.419,15.2714,20.4046,108.385,108.385,67.2582,70.4888,197.446,0,7067.84,5833.06,train
308,25.8523,51.3407,0.00403685,475.758,17.1717,87.7231,149.911,149.911,116.948,116.842,25.8523,0,1174.53,-1171.83,train
309,42.6946,8.16531,0.0292984,32.9313,16.2161,26.2959,63.8486,63.8486,45.2048,45.4676,42.6946,0,39.4972,13.9088,test
310,49.2293,14.0618,0.00975199,262.258,27.8971,146.84,62.2926,146.84,100.175,99.9993,0,0,798.771,-775.137,test
311,137.245,7.01843,0.010995,1458.64,34.3048,98.1241,22.2509,98.1241,55.6825,56.7775,0,0,892.551,-685.448,train
312,60.211,71.6699,0.0616774,74.4233,21.241,74.6409,59.2226,74.6409,66.9518,67.0746,0,0,202.478,21.1249,train
313,156.362,24.885,0.658013,415.13,18.8801,127.246,29.7928,161.122,116.356,143.702,50.8176,0,4261.05,11826.7,train
314,68.1858,8.38454,0.917117,250.606,36.8623,119.926,124.683,179.936,149.646,171.045,34.0929,0,1402.46,2861.5,train
315,90.7826,25.1607,0.652952,1868.13,33.5999,34.3281,144.126,144.126,92.8316,101.501,90.7826,0,4677.26,704.028,test
316,57.6859,35.3004,0.00283992,20.9788,26.6629,70.41,38.9399,70.41,54.618,54.6251,0,0,33.6143,-24.164,train
317,168.685,9.75648,0.00155224,60.2163,16.4898,69.8681,58.0368,69.8681,61.2117,61.2397,0,0,381.699,-337.531,train
318,89.3169,6.40088,0.00116482,201.916,20.4194,92.5996,49.2104,92.5996,64.7603,64.5191,0,0,536.198,-526.906,test
319,63.441,8.97795,0.00926385,19.6407,19.2801,113.909,21.1505,113.909,67.3316,67.482,0,0,58.3612,-21.0765,test
320,65.2366,32.2145,0.0144948,24.7813,26.2524,148.972,38.1046,148.972,93.4182,93.4858,0,0,107.573,-45.8854,train
321,132.132,12.165,0.857754,148.512,16.3025,27.1925,87.8515,206.761,143.047,195.87,72.6728,0,1905.29,13070.2,train
322,162.396,89.0712,0.505023,1805.96,25.6484,39.1633,42.2391,57.7251,48.8465,55.1396,85.2578,0,4232.92,9085.75,train
323,164.202,11.6937,0.0366634,93.018,16.5496,132.304,26.1199,132.304,80.6362,84.0278,0,0,790.798,197.733,train
324,95.6847,13.4922,0.0909924,707.107,38.2168,31.0325,82.0772,82.0772,57.6257,60.1235,95.6847,0,702.237,130.849,train
325,62.8477,23.6098,0.0025204,1848.31,15.0662,138.62,127.996,138.62,114.391,113.587,0,0,6337.25,-6327.29,train
326,76.2877,12.4922,0.0259961,32.5454,31.9476,133.379,23.9458,133.379,78.9048,79.3913,0,0,112.445,38.8476,train
327,166.938,14.7475,0.0767521,204.052,23.6174,24.658,83.9644,84.1061,61.1006,67.1521,158.591,0,898.731,1240.22,train
328,40.0614,9.11622,0.00341222,11.2658,38.8693,122.227,148.278,148.278,134.912,134.915,40.0614,0,42.9466,-37.4702,train
329,186.737,94.5878,0.369819,56.4591,34.681,73.2542,138.883,138.883,116.389,122.307,186.737,0,846.263,12049.6,train
330,173.73,12.9544,0.136577,50.8355,27.4391,53.963,128.144,138.089,112.48,126.121,130.297,0,668.448,3453.74,train
331,84.0037,53.2446,0.0280794,1285.82,31.8413,93.2663,75.4032,93.2663,79.2191,79.1047,0,0,3760.69,-3562.55,train
332,142.303,16.2365,0.00352536,126.404,30.6858,39.7997,57.2468,57.2468,47.6384,47.7627,142.303,0,253.695,-182.306,train
333,160.478,173.481,0.00534376,207.677,34.5435,83.4441,30.2351,83.4441,56.5686,56.5839,0,0,708.57,-570.951,train
334,147.918,22.2454,0.0018135,67.0791,15.8111,83.7601,59.4935,83.7601,69.9597,69.9345,0,0,496.151,-456.472,train
335,115.756,42.3499,0.0099418,1624.96,37.3403,112.746,79.6335,112.746,87.355,87.0872,0,0,5381.08,-5247.87,train
336,87.1644,198.368,0.0193756,213.251,25.9406,92.3601,55.464,92.3601,73.6104,73.6217,0,0,870.763,-723.554,train
337,155.544,111.859,0.00151663,68.4279,32.8771,71.9697,100.774,100.774,85.9891,85.9795,155.544,0,555.369,-518.675,train
338,114.013,23.3185,0.00353897,404.494,15.2959,38.3012,56.5332,56.5332,44.3166,44.2356,114.013,0,989.809,-943.806,train
339,100.807,18.3693,0.446865,85.8683,36.6636,127.501,120.149,153.224,140.114,150.696,47.8834,0,825.321,3715.76,train
340,89.5436,16.2913,0.00963849,819.108,17.8692,42.288,69.6846,69.6846,50.4089,50.3499,89.5436,0,1357.31,-1280.02,train
341,162.105,26.588,0.00218793,10.6264,26.5752,75.7457,149.792,149.792,112.491,112.559,162.105,0,146.22,-88.726,train
342,80.5924,8.81005,0.0395236,1711.56,37.8156,117.098,132.847,132.847,107.465,108.119,80.5924,0,2937.02,-2680.31,test
343,142.861,48.2869,0.0818644,91.4866,21.6042,40.2508,74.7843,74.7843,59.5164,60.9819,142.861,0,472.249,1198.54,train
344,21.8068,7.35215,0.00101376,869.715,15.7649,44.9914,70.0679,70.0679,52.6099,52.3701,21.8068,0,481.166,-480.684,train
345,124.473,53.8785,0.0059014,190.99,31.0528,142.424,69.5435,142.424,103.714,103.652,0,0,1596.46,-1505.02,train
346,46.9119,30.5045,0.00156487,685.382,31.2589,59.6921,47.7822,59.6921,52.2736,52.1984,0,0,566.662,-563.218,train
347,117.689,7.12275,0.443455,19.3789,20.2939,80.8209,125.846,210.58,169.327,206.777,64.729,0,323.148,5819.02,train
348,57.1423,19.7226,0.707313,691.807,33.1501,126.97,95.5993,127.968,111.666,116.291,8.57134,0,2281.72,27.8285,test
349,141.392,96.4045,0.223635,109.469,30.2447,142.927,108.687,142.927,128.308,130.262,0,0,1474.59,2996.25,train
350,162.928,61.8476,0.469814,257.498,33.3955,113.949,149.671,158.241,142.712,151.207,114.049,0,4079.99,8391.4,test
351,39.5148,30.4336,0.00251518,260.636,17.6867,74.0133,144.68,144.68,107.037,106.91,39.5148,0,865.574,-861.647,train
352,172.713,12.9107,0.0377607,66.7606,29.1791,81.9699,122.493,122.493,104.605,108.151,172.713,0,747.397,378.995,test
353,57.8687,128.839,0.0131247,55.6045,30.1332,131.418,38.4271,131.418,84.8379,84.8462,0,0,175.204,-131.252,train
354,188.575,48.6987,0.71073,128.792,35.7035,48.3706,61.555,118.921,94.5963,117.119,99.0019,0,1319.73,23954.2,test
355,52.5739,112.323,0.018183,285.324,31.4027,36.9043,146.234,146.234,90.967,90.9494,52.5739,0,871.65,-821.392,train
356,77.9626,47.451,0.105558,21.0149,31.8043,91.9944,48.203,91.9944,71.0852,71.6701,0,0,63.9841,577.614,train
357,152.376,33.6817,0.0761593,356.965,28.4926,83.9358,36.6459,83.9358,61.276,63.3893,0,0,1379.41,388.878,train
358,40.3179,56.9546,0.0837996,179.95,26.5278,47.4716,90.7265,90.7265,68.8595,68.9388,40.3179,0,299.977,-163.758,train
359,56.5461,15.044,0.00376474,78.3582,31.5319,89.6448,147.131,147.131,116.514,116.437,56.5461,0,356.909,-344.872,train
360,108.174,53.6337,0.135874,120.178,16.9381,77.1291,73.6724,78.8585,76.6647,77.8944,37.8609,0,743.31,846.633,train
361,63.405,26.5095,0.00331726,1057.77,39.8074,75.3076,55.0248,75.3076,62.2435,62.1189,0,0,1041.92,-1028.59,test
362,64.6449,54.8382,0.00168847,194.537,38.2337,84.3704,75.7714,84.3704,79.3407,79.3034,0,0,495.675,-488.619,train
363,73.167,17.7282,0.343262,451.624,35.1329,144.465,30.0104,144.465,89.5908,93.7869,0,0,1346.01,491.605,train
364,56.9772,21.5598,0.8163,25.52,27.3356,126.878,78.3816,127.496,112.138,117.486,5.69772,0,122.092,2527.95,train
365,36.4067,50.8445,0.00272431,10.5643,19.2951,77.3995,112.094,112.094,94.7055,94.7058,36.4067,0,28.9623,-25.3514,train
366,100.171,138.558,0.00497024,29.3763,18.1411,67.4357,88.621,88.621,77.953,77.9626,100.171,0,175.306,-125.434,train
367,111.594,166.385,0.252082,43.1568,21.9685,54.1991,86.7473,86.7473,71.8865,72.7048,111.594,0,239.281,2899.96,test
368,114.435,15.6414,0.026579,486.015,28.9767,100.594,63.1339,100.594,76.0098,76.6171,0,0,1621.85,-1273.78,train
369,115.238,24.717,0.0994534,159.162,39.6576,36.3463,119.906,119.906,80.2878,82.4982,115.238,0,655.95,664.762,train
370,156.789,90.3894,0.236806,14.001,18.3228,78.1886,65.925,81.2305,77.1695,79.9798,47.0366,0,128.869,5692.46,train
371,144.531,5.08943,0.0046816,136.465,21.0099,70.1336,148.724,148.724,97.9156,98.1493,144.531,0,912.718,-814.923,test
372,103.082,106.547,0.162507,42.2107,25.2052,90.2865,70.6505,90.2865,81.5955,82.2933,0,0,243.625,1483.15,train
373,24.2365,153.799,0.0186669,37.5934,29.5278,25.1351,20.0797,25.1351,22.6166,22.6199,0,0,-6.28994,17.255,train
374,77.3063,124.531,0.0221258,23.6355,29.1429,64.9403,90.1173,90.1173,77.5564,77.5994,77.3063,0,88.2196,44.0101,train
375,121.633,58.2797,0.0223201,976.944,26.6451,105.208,139.116,139.116,112.745,112.488,121.633,0,7509.17,-7178.95,test
376,159.164,8.0959,0.0608072,533.945,30.0032,43.3676,45.4369,65.3349,53.1318,61.066,83.5612,0,689.04,851.403,train
377,96.9625,14.393,0.00861415,617.104,38.3433,64.2718,51.7929,64.2718,55.4656,55.5728,0,0,600.319,-519.331,train
378,84.3162,6.461,0.0895215,33.4422,34.825,65.1353,113.177,113.177,95.1227,99.3096,84.3162,0,157.529,478.899,train
379,29.5647,6.85998,0.0288525,347.057,15.8232,126.612,59.7224,126.612,86.9261,86.7409,0,0,574.597,-549.378,train
380,93.4318,13.708,0.0703883,32.0535,22.8559,78.7767,105.114,105.114,94.3428,96.2303,93.4318,0,205.872,408.582,test
381,78.0613,135.556,0.615236,23.4554,27.6987,97.7542,121.957,121.957,112.008,113.213,78.0613,0,154.076,3594.91,train
382,36.1283,18.9589,0.18838,435.777,28.95,79.6506,62.0569,79.6506,69.5547,69.9903,0,0,554.694,-308.81,train
383,46.5151,7.64138,0.0535983,282.481,37.1326,145.126,98.6843,145.126,115.171,115.417,0,0,783.666,-667.697,test
384,88.482,5.81411,0.0921927,144.916,31.0302,94.9373,108.928,114.769,103.048,107.991,57.5133,0,661.703,60.0792,train
385,167.223,5.10318,0.249842,290.16,32.2791,56.4022,44.0193,208.379,131.168,188.903,83.6115,0,1674.65,5311.82,train
386,181.54,47.3363,0.0693115,1028.76,39.4115,138.882,132.085,138.882,124.687,126.105,0,0,9506.07,-7221.78,train
387,96.8322,104.785,0.0489727,169.16,32.0242,37.743,144.813,144.813,90.898,91.0468,96.8322,0,936.994,-477.802,train
388,49.9262,136.4,0.00618354,171.213,18.3563,121.152,35.788,121.152,78.1732,78.1602,0,0,505.355,-489.942,train
389,124.836,26.3625,0.64497,40.5433,17.8018,48.7298,124.42,141.192,115.952,132.528,87.3849,0,482.468,9568.7,test
390,173.64,90.0023,0.00189747,101.516,36.7236,148.678,70.0227,148.678,108.292,108.256,0,0,1216.91,-1159.7,train
391,30.779,23.7239,0.00470909,11.4587,36.0975,111.546,30.6675,111.546,71.0793,71.085,0,0,12.3033,-7.84218,train
392,125.425,89.5658,0.00129906,131.027,26.0741,60.1324,32.5329,60.1324,46.0601,46.0531,0,0,317.533,-297.097,train
393,42.299,9.32979,0.049509,46.0707,37.2727,109.144,24.3709,109.144,67.0352,67.4217,0,0,55.8432,32.7388,train
394,102.299,31.9972,0.00210379,32.3275,26.6046,57.8589,117.257,117.257,87.1082,87.1087,102.299,0,196.279,-174.263,train
395,145.116,47.8343,0.00299309,895.474,16.8299,130.344,35.9272,130.344,75.1843,74.8477,0,0,5141.54,-5078.51,train
396,177.031,144.411,0.140363,13.1457,26.0031,50.59,149.276,149.276,102.306,103.633,177.031,0,177.175,4221.82,train
397,143.517,9.27822,0.00184712,629.086,32.5036,69.3464,133.206,133.206,87.8047,87.49,143.517,0,1993.87,-1955.83,train
398,177.508,7.49072,0.00238258,100.667,15.4308,75.504,25.7276,75.504,47.3482,47.58,0,0,401.27,-326.198,train
399,21.1839,6.12335,0.0815215,161.657,35.8803,147.509,124.032,147.509,132.303,132.341,0,0,299.218,-262.634,train
400,154.838,39.5755,0.225425,626.879,37.5928,129.001,72.5566,129.001,103.078,108.572,0,0,4416.73,987.777,train
401,34.225,91.3621,0.0273312,167.944,35.5356,147.221,97.174,147.221,121.783,121.772,0,0,489.941,-457.927,train
402,148.18,72.0903,0.0174515,36.289,32.3346,55.6625,60.9592,60.9592,58.5829,58.806,148.18,0,139.243,243.943,train
403,112.637,15.7746,0.112789,55.0469,20.883,69.9692,68.961,80.0959,75.1674,79.0353,56.3183,0,314.223,1116.74,test
404,111.271,75.4285,0.2551,80.3755,17.2502,112.853,41.8356,112.853,80.1385,81.9342,0,0,550.823,2607.61,test
405,177.202,18.5556,0.0189577,10.9444,15.6257,142.076,82.8173,142.076,114.215,115.57,0,0,187.626,407.653,train
406,165.899,50.5407,0.0306275,74.2464,30.7862,29.9212,31.5912,32.912,32.0807,32.808,99.5395,0,15.5392,827.407,train
407,76.8797,25.8829,0.15185,122.759,15.0262,113.502,145.56,145.56,129.156,130.488,76.8797,0,1008.94,-111.432,train
408,174.088,5.38435,0.0630798,1185.24,21.3093,55.0279,139.359,144.207,98.7887,113.303,143.622,0,2570.75,-659.025,test
409,185.658,92.6342,0.270585,65.7222,30.5305,121.721,118.745,132.42,127.37,131.712,88.1877,0,1155.16,8171.63,train
410,61.5383,7.31833,0.00300903,1104.73,36.5557,97.6132,100.709,100.709,86.9121,86.5321,61.5383,0,1400.94,-1389.55,train
411,130.927,38.174,0.0399074,13.8165,21.2586,104.96,136.579,136.579,121.834,122.595,130.927,0,180.389,503.696,train
412,29.7474,23.1885,0.00867276,61.4114,19.4608,138.732,40.2237,138.732,89.059,89.0473,0,0,125.288,-117.613,train
413,154.475,84.1003,0.00543302,117.895,33.041,146.741,99.5133,146.741,121.739,121.718,0,0,1552.42,-1422.78,train
414,84.5337,71.0603,0.00191097,729.914,27.537,118.139,77.0634,118.139,93.6629,93.4532,0,0,3519.32,-3505.66,train
415,187.154,198.155,0.00397785,147.428,32.2077,97.9748,104.541,104.541,100.552,100.538,187.154,0,1837.73,-1698.39,test
416,154.177,6.38151,0.0678551,349.313,22.5974,99.4833,64.7807,110.084,86.447,96.714,50.1075,0,1424.52,188.426,train
417,100.425,167.545,0.939624,27.4168,36.4475,147.71,76.5802,147.71,116.631,119.099,0,0,220.399,9255.93,train
418,81.8944,49.594,0.214442,1264.6,21.9754,105.768,44.2362,105.768,71.5263,72.4908,0,0,3739.68,-2301.48,test
419,199.924,36.7863,0.00562358,1674.1,32.6453,96.3379,116.902,116.902,92.491,92.2217,199.924,0,8278.89,-8054.11,train
420,94.3383,134.632,0.01338,1135.99,33.9555,69.5128,33.9392,69.5128,50.8574,50.8438,0,0,1580.05,-1460.97,test
421,145.697,10.9152,0.179376,71.5511,21.6811,93.972,109.842,142.936,123.264,138.094,80.1332,0,901.357,2906.35,train
422,82.1264,11.295,0.335492,12.5131,20.1718,46.9817,110.859,114.013,94.6213,103.349,67.7542,0,75.5899,2187.22,train
423,182.363,117.637,0.00517556,330.727,33.2529,63.102,74.2928,74.2928,67.5164,67.5067,182.363,0,1887.09,-1714.97,train
424,26.3584,18.0696,0.0205396,11.936,37.1104,113.661,84.4141,113.661,99.0129,99.0422,0,0,19.4121,-5.1419,train
425,186.346,71.3356,0.0420021,343.938,23.5093,118.777,24.6061,118.777,70.4425,71.1741,0,0,2582.69,-1124.17,train
426,82.7234,121.821,0.00689098,14.6657,23.1748,104.614,41.4921,104.614,73.0435,73.058,0,0,60.3879,-13.2318,train
427,99.413,143.287,0.0013409,31.7336,27.9713,68.3379,61.6118,68.3379,64.9154,64.9155,0,0,116.068,-102.816,test
428,93.6637,38.5887,0.0036674,152.246,38.6844,124.246,56.1907,124.246,88.8724,88.8279,0,0,669.581,-637.407,train
429,106.566,56.646,0.579836,959.453,33.1774,143.325,139.562,151.251,139.473,143.939,47.9549,0,8202.81,-1617.95,train
430,31.6184,5.22623,0.002699,39.8661,38.7333,129.319,84.2921,129.319,105.584,105.533,0,0,80.6271,-77.9288,train
431,77.6731,24.2303,0.00131215,64.5514,37.9555,133.214,124.814,133.214,127.576,127.506,0,0,432.583,-424.667,test
432,119.196,6.04611,0.016223,374.736,31.6583,39.8861,149.377,149.377,85.3979,86.5607,119.196,0,1094.43,-863.935,test
433,61.6561,5.301,0.00364884,121.471,29.9457,84.6957,141.061,141.061,106.359,106.115,61.6561,0,455.9,-442.029,train
434,90.9257,187.692,0.617969,16.8749,24.0648,98.5055,127.028,127.028,114.917,116.104,90.9257,0,139.269,4969.78,test
435,174.986,114.77,0.00307217,11.3703,33.8335,138.462,45.6844,138.462,92.0564,92.0874,0,0,115.468,-21.3985,test
436,199.23,8.19451,0.0304044,799.841,26.3995,72.3708,39.9555,75.1522,58.0301,64.0395,39.846,0,1266.88,-60.0522,train
437,37.3395,32.6852,0.0301436,110.152,19.2115,111.895,80.8166,111.895,95.6862,95.6973,0,0,307.288,-265.261,train
438,103.415,14.9552,0.0012741,1120.81,31.34,137.27,106.577,137.27,104.998,104.387,0,0,3825.68,-3812.05,train
439,184.025,5.04722,0.0650811,146.713,35.0301,28.2287,54.7599,93.4122,68.7611,87.2719,105.814,0,443.907,1760.07,train
440,91.5364,10.1449,0.00145085,849.693,20.0459,63.8061,76.1224,76.1224,60.7113,60.4038,91.5364,0,1424.54,-1412.38,train
441,66.368,9.66115,0.323774,680.07,22.4502,147.834,131.464,151.422,130.961,136.436,18.2512,0,2726.34,-1300.2,train
442,195.604,42.1819,0.00316978,1332.28,34.435,81.5307,42.0089,81.5307,57.1886,57.1157,0,0,2951.62,-2830.34,train
443,170.76,65.2721,0.385696,580.221,16.2366,60.5747,93.0479,99.1559,84.204,91.3574,123.801,0,5273.86,5972.63,train
444,194.298,11.138,0.0308638,536.875,19.6883,43.9432,20.1672,46.4677,36.077,40.4109,43.7171,0,653.289,511.875,train
445,27.0812,196.735,0.0876066,10.9811,39.1469,80.7133,87.1503,87.1503,83.9527,83.9667,27.0812,0,13.3208,50.9293,test
446,49.58,6.59242,0.00457157,307.92,25.4618,101.788,81.4557,101.788,84.4038,84.1095,0,0,638.759,-627.522,train
447,104.747,25.7314,0.0438031,1234.92,24.2978,102.338,87.7603,102.338,84.8358,85.1367,0,0,4255.7,-3775.09,train
448,142.098,12.3971,0.00153486,31.5374,37.7281,49.0241,104.728,104.728,76.021,76.0697,142.098,0,160.786,-129.794,train
449,175.815,131.602,0.0452164,41.6887,20.3238,136.303,20.9898,136.303,79.2402,79.689,0,0,427.492,970.182,train
450,80.3217,60.7992,0.01408,920.721,15.3864,134.563,93.3416,134.563,106.889,106.568,0,0,5542.23,-5451.39,train
451,138.907,169.14,0.0658845,11.8494,21.3943,149.269,64.4015,149.269,107.377,107.701,0,0,141.289,1129.96,test
452,178.376,5.73467,0.00240067,643.643,29.671,121.295,25.1612,121.295,64.0088,64.2992,0,0,1041.86,-965.474,train
453,43.1134,103.124,0.0485158,37.2653,19.1585,54.6735,88.864,88.864,71.7722,71.8065,43.1134,0,84.2862,5.89321,train
454,55.7257,13.0112,0.398434,63.8053,26.3093,84.3025,128.727,128.727,112.374,116.422,55.7257,0,291.589,945.688,train
455,194.647,83.3186,0.00676106,472.655,35.032,101.122,125.421,125.421,108.196,108.041,194.647,0,5603.38,-5347.22,test
456,173.212,110.948,0.00928314,36.7882,22.5425,100.239,116.747,116.747,108.294,108.381,173.212,0,540.608,-262.092,train
457,185.584,26.77,0.975869,454.828,34.9775,89.3273,56.7467,221.305,153.727,207.157,88.1524,0,6237.76,27372.6,train
458,62.2333,68.8906,0.158721,1434.87,31.1032,101.576,63.6267,101.576,79.3358,79.5109,0,0,3487.16,-2872.44,train
459,53.4647,61.4219,0.0257519,70.4672,21.1656,42.5431,140.611,140.611,91.3234,91.3552,53.4647,0,261.311,-187.7,test
460,146.084,41.4258,0.00206068,30.3056,35.5721,70.8567,45.9502,70.8567,58.2935,58.3284,0,0,98.6187,-54.6426,train
461,22.0797,35.1174,0.00139163,1271.37,31.2911,50.725,103.823,103.823,74.8457,74.7118,22.0797,0,1065.95,-1065.27,train
462,150.292,12.0693,0.629998,94.3911,23.3185,31.604,24.9866,171.939,115.401,166.315,75.146,0,1070.25,13159.9,train
463,147.34,51.9402,0.0954385,192.492,30.9355,75.6297,50.9362,75.6297,65.1235,66.7863,0,0,881.368,1190.53,train
464,41.9979,5.91294,0.0635469,384.12,18.8013,123.808,49.0118,123.808,79.5017,79.9119,0,0,662.518,-550.433,train
465,48.6724,125.269,0.00128967,253.551,20.2191,58.5006,71.088,71.088,64.4437,64.4242,48.6724,0,535.85,-532.795,test
466,106.845,162.882,0.0152578,46.7897,15.5958,38.9489,50.7923,50.7923,44.8836,44.926,106.845,0,145.585,28.5966,train
467,102.628,18.4722,0.340227,24.4407,29.9054,40.6076,41.348,65.0862,56.4114,64.8752,51.3141,0,65.6466,3517.8,train
468,161.161,81.3133,0.300983,458.089,18.4718,61.4075,121.33,121.33,94.3615,98.2897,161.161,0,4803.75,3013.61,test
469,91.5869,45.9809,0.0166029,698.921,19.6115,121.766,126.904,126.904,116.168,115.853,91.5869,0,4937.92,-4798.66,train
470,74.1991,127.546,0.142303,34.2965,39.7356,111.399,97.3515,111.399,104.767,105.03,0,0,164.902,618.551,train
471,126.897,95.416,0.00820033,26.7798,27.083,82.3912,92.7771,92.7771,87.5198,87.57,126.897,0,204.022,-71.9729,train
472,59.9362,8.55853,0.12666,1570.69,17.2089,28.942,139.095,139.095,73.5307,75.3072,59.9362,0,1965.5,-1510.49,test
473,152.687,15.7008,0.00257605,1324.32,22.4742,59.1802,65.6433,65.6433,54.1461,54.0342,152.687,0,2197.11,-2137.05,train
474,86.6156,73.0651,0.387412,57.9015,29.928,34.707,142.306,142.306,91.3907,93.1102,86.6156,0,304.683,2601.78,train
475,60.3898,62.2094,0.406345,17.0924,34.3713,27.507,133.84,133.84,82.5424,83.5807,60.3898,0,49.6163,1432.3,train
476,23.314,87.9854,0.0164698,73.5628,17.4288,118.903,137.391,137.391,127.978,127.972,23.314,0,188.902,-179.95,train
477,34.9302,5.60719,0.0208104,23.2625,25.5186,94.7948,126.174,126.174,109.873,110.014,34.9302,0,66.734,-41.3429,train
478,75.2294,133.562,0.0295364,32.2397,36.0679,122.139,71.6214,122.139,96.8906,96.94,0,0,147.02,20.1396,train
479,158.208,46.3993,0.279585,22.744,37.5235,135.364,98.0682,140.001,128.38,134.942,39.5519,0,323.213,6674.69,train
480,45.5469,7.29524,0.0020862,287.5,28.391,145.886,45.0136,145.886,89.1262,88.8222,0,0,602.054,-597.726,train
481,58.0555,123.841,0.00214385,544.664,38.463,48.8604,94.0761,94.0761,70.8274,70.7927,58.0555,0,976.74,-969.514,train
482,124.865,8.45527,0.00221252,123.858,35.2323,90.4466,46.1041,90.4466,65.3931,65.4046,0,0,351.489,-316.993,test
483,58.8545,194.35,0.0251549,1010.7,22.5023,78.8427,128.328,128.328,101.748,101.66,58.8545,0,4459.04,-4371.9,train
484,107.356,35.9301,0.0010247,108.443,26.7961,51.1882,94.4526,94.4526,71.7266,71.6766,107.356,0,493.259,-481.449,test
485,71.7987,16.3579,0.799303,64.1286,34.5998,71.4084,57.6672,95.8996,83.8254,94.7667,32.3094,0,216.856,3903.6,train
486,92.5577,56.4679,0.0015921,671.638,20.449,66.2561,144.213,144.213,99.5173,99.2166,92.5577,0,4093.82,-4080.18,test
487,168.451,161.378,0.125516,517.614,20.1298,99.6348,47.2393,99.6348,73.1095,73.9534,0,0,4200.37,-638.758,train
488,140.537,5.38065,0.00626485,171.652,18.9605,134.892,58.5732,134.892,86.2527,86.6999,0,0,923.75,-800.016,train
489,195.291,24.7754,0.0455799,23.0013,36.0424,35.0576,62.8178,63.1614,54.3561,57.4073,175.762,0,80.0512,1658.3,test
490,70.9869,70.8629,0.0094901,984.159,28.5022,33.1184,80.6079,80.6079,55.1483,55.0809,70.9869,0,1577.19,-1529.36,train
491,134.206,5.26687,0.123787,41.9744,27.8635,114.236,96.8638,155.469,132.009,150.031,60.3925,0,490.421,1739.13,train
492,35.9658,9.06208,0.0521728,27.6045,23.1479,25.7121,82.6027,82.6027,54.4842,54.7936,35.9658,0,30.4964,36.9912,train
493,73.5961,106.254,0.202974,15.4856,31.5676,36.217,86.9405,86.9405,62.392,62.843,73.5961,0,35.0827,1064.3,train
494,70.7374,64.5609,0.0599004,325.413,26.707,86.0289,84.9733,86.0289,84.3065,84.4193,0,0,1243.35,-943.625,train
495,141.001,10.3039,0.293944,861.282,37.5589,98.3504,73.023,148.072,110.092,133.69,63.4505,0,2894.17,2949.82,train
496,30.0939,28.4021,0.0198476,105.531,21.3498,94.3448,137.523,137.523,115.139,115.118,30.0939,0,291.734,-273.759,train
497,136.479,5.7049,0.0362686,1164.31,23.6262,43.5041,59.1005,63.6672,51.534,56.3523,95.5354,0,888.783,-213.225,train
498,116.133,68.0909,0.00369073,531.277,36.2866,40.8142,103.252,103.252,70.0032,69.9201,116.133,0,1783.96,-1734.18,test
499,126.642,11.2275,0.193086,1031.75,20.7016,42.9992,91.0981,100.433,74.1696,85.4867,91.8154,0,2389.72,707.031,test
500,29.3886,15.8375,0.00261533,722.643,20.7929,87.5725,26.8758,87.5725,54.392,54.2465,0,0,574.171,-571.912,train
501,144.379,77.6652,0.730024,28.5665,30.8893,138.148,115.168,152.296,142.079,150.621,54.1421,0,455.578,14762,train
502,153.487,99.0857,0.0212962,612.652,32.455,117.434,102.639,117.434,105.727,105.688,0,0,5870.12,-5368.41,train
503,148.798,6.24361,0.0335286,43.4151,17.8834,87.3737,35.4961,87.4052,67.5179,72.5067,3.71996,0,269.578,472.777,train
504,85.4785,8.75484,0.117637,599.08,28.8546,100.819,105.225,109.514,96.657,100.299,51.2871,0,1754.93,-895.407,test
505,65.8817,33.538,0.00854107,50.6514,27.8277,45.9098,92.1519,92.1519,68.7908,68.8199,65.8817,0,134.19,-97.1184,train
506,139.031,88.1877,0.133841,52.1558,24.9197,23.0245,119.974,119.974,73.5545,74.8184,139.031,0,347.679,2239.42,train
507,133.589,41.8587,0.167901,16.5703,25.4036,27.3137,51.2336,52.1946,44.9992,48.1251,110.211,0,43.2487,2953.11,test
508,187.576,31.6573,0.0124282,88.4966,18.8658,110.318,52.9268,110.318,80.3564,80.8245,0,0,930.45,-493.168,train
509,196.719,23.3699,0.208896,42.7221,18.2038,86.3911,27.0394,104.33,82.8681,97.8706,63.9336,0,512.625,7571.3,train
510,25.2395,8.65618,0.00245333,206.335,39.7745,36.5552,106.017,106.017,69.9811,69.9148,25.2395,0,141.554,-139.991,train
511,139.421,159.075,0.00325135,1398.91,39.3197,94.5141,36.7909,94.5141,63.7543,63.6678,0,0,3897.67,-3834.47,train
512,25.6146,81.5612,0.0998688,17.6161,15.5806,68.0583,122.3,122.3,95.2081,95.2411,25.6146,0,35.8935,29.6313,train
513,71.3495,37.2104,0.403411,111.18,20.8314,46.2588,94.5936,94.5936,73.9995,76.3594,71.3495,0,406.218,1647.45,train
514,90.2428,37.6336,0.0448067,559.885,33.1112,29.8164,34.3956,34.3992,32.8969,33.3194,87.9867,0,-9.00131,373.897,train
515,41.489,70.3727,0.156049,563.505,19.1383,143.402,136.198,143.402,137.098,137.092,0,0,2596.94,-2328.33,train
516,191.442,12.813,0.00502026,317.826,25.4865,102.389,39.6296,102.389,64.7606,65.0571,0,0,1328.84,-1144.84,train
517,193.464,6.08071,0.566809,12.792,19.0966,59.8608,96.3759,509.005,349.429,501.152,96.7319,0,768.878,20445.8,train
518,22.4664,181.245,0.11242,188.369,22.2039,22.5127,58.7908,58.7908,40.6417,40.6534,22.4664,0,77.6894,-20.9466,train
519,114.527,68.4678,0.0044537,432.61,34.1374,76.7711,117.049,117.049,93.9144,93.7808,114.527,0,2613.17,-2554.75,test
520,49.4278,13.4058,0.205162,62.5904,36.9485,20.838,76.3186,76.3186,51.3427,52.9613,49.4278,0,42.8536,458.378,train
521,179.288,6.15495,0.0171381,1306.05,17.6017,67.9052,97.5472,97.5472,71.7879,75.2141,179.288,0,2188.75,-1637.86,train
522,33.4785,8.62692,0.16557,68.9322,37.6365,127.763,85.412,127.763,106.884,107.74,0,0,152.26,33.3125,train
523,28.6616,36.1166,0.014873,139.102,38.5805,92.2218,20.8149,92.2218,56.3872,56.3927,0,0,69.5527,-57.3347,train
524,164.427,9.55836,0.0285091,790.687,28.898,143.509,47.4859,143.509,86.0232,88.9712,0,0,2431.07,-1660.29,train
525,56.4497,52.5824,0.677429,48.5185,39.6445,78.042,75.0059,81.6961,79.6857,81.4713,23.9911,0,108.814,2049.86,train
526,76.9822,10.4698,0.181071,45.0659,16.6983,94.2029,130.74,131.352,118.167,122.495,69.284,0,331.953,741.123,train
527,173.421,22.9217,0.00118808,221.691,16.6743,134.817,21.7909,134.817,72.8173,72.5923,0,0,1659.19,-1623.46,train
528,67.7789,19.6269,0.286042,840.139,31.4822,50.1784,80.3825,80.3825,65.6398,68.2992,67.7789,0,1284.28,29.7983,train
529,46.5673,7.07696,0.0365346,20.7892,25.1656,140.67,50.616,140.67,95.7755,96.2197,0,0,66.6631,12.5625,train
530,45.2007,7.53232,0.265279,1476.01,39.5145,30.3199,76.8224,76.8224,55.3014,58.244,45.2007,0,422.784,119.208,train
531,130.807,92.2768,0.00937831,41.086,22.1679,142.232,47.9355,142.232,94.879,94.9348,0,0,386.552,-226.086,train
532,22.5758,139.593,0.186739,311.481,17.955,24.8274,92.4123,92.4123,58.5081,58.5281,22.5758,0,282.495,-187.321,test
533,56.7156,55.3442,0.0176172,20.5349,19.9281,47.2696,105.804,105.804,76.5219,76.5609,56.7156,0,65.6538,-8.98523,train
534,114.192,36.1813,0.0343591,836.874,15.1917,38.1662,140.487,140.487,81.3302,81.4259,114.192,0,4319.64,-3871.6,train
535,43.795,165.561,0.59607,1509.72,25.9289,28.3503,59.9968,59.9968,44.1788,44.4488,43.795,0,1123.62,19.6402,test
536,74.7545,79.9539,0.842586,296.628,36.4225,23.8597,78.1658,78.1658,55.3656,57.9146,74.7545,0,401.084,4307.49,train
537,32.5782,31.3374,0.189153,18.5258,30.3386,103.644,114.694,114.694,109.564,109.836,32.5782,0,47.65,153.106,test
538,51.8525,29.1267,0.272544,14.7232,27.6609,119.388,123.858,125.09,123.46,124.548,35.0004,0,72.8144,659.969,train
539,110.902,6.921,0.00642,16.347,25.1186,66.0903,125.617,125.617,95.3415,95.7571,110.902,0,121.391,-42.4297,train
540,135.886,12.7812,0.115991,281.475,29.5974,125.079,120.389,137.862,122.336,128.931,61.1488,0,2319.9,-178.119,train
541,197.205,37.778,0.0147127,773.199,15.0538,20.1416,126.09,126.09,65.5657,65.8228,197.205,0,4564.15,-3991.97,train
542,117.516,6.81856,0.541178,11.1502,16.9133,114.893,70.7334,229.486,179.089,226.848,52.8821,0,207.317,7266.34,train
543,81.1549,74.2822,0.00336106,178.751,36.7152,103.058,142.461,142.461,121.473,121.41,81.1549,0,1186.14,-1164,test
544,118.914,12.2958,0.907243,16.1253,34.7745,106.787,55.3755,211.982,164.002,209.515,53.5111,0,243.997,12584.8,train
545,167.406,21.4645,0.0211645,159.577,22.8031,39.4888,65.7634,65.7634,52.4609,53.5355,167.406,0,645.938,-52.8047,train
546,147.002,87.593,0.138224,783.049,20.763,148.747,60.251,148.747,100.567,101.694,0,0,7417.53,-4430.57,test
547,20.7774,18.2924,0.00242035,328.508,35.8728,81.1571,72.9443,81.1571,75.9175,75.8549,0,0,255.558,-254.513,train
548,133.311,46.6972,0.00773181,13.2819,28.0907,114.695,136.071,136.071,125.319,125.43,133.311,0,170.945,-33.5364,train
549,185.98,20.8295,0.331435,14.9589,20.5215,50.2925,119.123,157.308,128.161,152.154,116.238,0,294.704,11169.2,train
550,59.2332,59.4402,0.00122024,1389.97,32.551,35.6917,128.442,128.442,78.1199,77.9128,59.2332,0,3000.36,-2996.07,train
551,76.576,18.6977,0.493102,309.269,19.3601,62.1633,23.5472,66.1443,52.5055,59.0869,17.2296,0,636.507,2254.99,test
552,96.0854,42.9866,0.00163992,10.8067,25.0355,27.7118,102.466,102.466,65.0381,65.0489,96.0854,0,41.3498,-26.2094,train
553,73.4384,8.73457,0.426685,1592.93,30.3876,46.688,109.963,114.424,83.9103,94.6915,58.7507,0,1976.38,324.821,train
554,59.5738,26.965,0.749144,402.06,39.6971,122.721,47.9915,122.721,90.1803,94.3056,0,0,1040.03,1618.71,train
555,69.0967,14.8765,0.0101299,17.6807,24.9531,115.44,102.203,115.44,108.528,108.638,0,0,100.555,-52.1917,train
556,143.826,16.451,0.00699098,108.509,19.503,76.2042,137.891,137.891,102.418,102.508,143.826,0,1102.52,-957.899,train
557,198.966,21.8614,0.00169504,82.1659,29.2098,42.7239,129.046,129.046,83.2806,83.2557,198.966,0,776.965,-709.863,train
558,107.881,73.7701,0.127961,1836.17,18.5905,40.0418,42.7196,43.0572,40.0324,40.7625,83.6078,0,2882.13,-1392.88,train
559,163.935,137.199,0.211722,222.961,15.3358,136.627,48.514,136.627,94.2848,96.002,0,0,2750.79,2939.14,train
560,111.896,110.47,0.0558608,17.8364,27.1813,130.785,31.3705,130.785,81.5112,81.7835,0,0,108.09,591.329,train
561,21.5669,36.9197,0.00916684,27.8756,36.5631,57.2277,126.656,126.656,91.877,91.8776,21.5669,0,33.1525,-28.8887,train
562,108.832,6.49206,0.0195686,1494.11,21.4598,138.099,104.33,138.099,99.6987,100.62,0,0,2927.46,-2695.68,train
563,156.924,10.657,0.0155258,14.0378,30.6346,145.358,129.456,145.358,138.549,140.015,0,0,228.978,153.345,train
564,165.73,159.703,0.0028604,35.658,39.4805,112.951,144.52,144.52,128.505,128.511,165.73,0,522.462,-443.898,train
565,85.3738,100.676,0.00107278,335.621,27.7386,86.2684,118.194,118.194,100.627,100.538,85.3738,0,1983.03,-1975.21,train
566,190.288,72.7691,0.829726,25.6759,17.6877,61.584,100.173,134.051,113.856,131.881,114.173,0,467.73,29576.4,train
567,42.8073,35.4061,0.0983504,267.678,17.3764,149.772,86.0858,149.772,115.886,115.968,0,0,1064.56,-884.336,train
568,185.093,55.229,0.0240333,44.8722,21.7645,69.6173,53.584,69.6173,62.3209,62.9442,0,0,327.799,495.568,train
569,31.1215,9.78134,0.00103321,140.257,21.4739,135.123,137.097,137.097,132.407,132.2,31.1215,0,447.126,-446.125,train
570,171.178,62.5416,0.00357821,1111.92,16.1524,35.9771,42.9065,42.9065,36.5573,36.4852,171.178,0,2541.31,-2436.47,train
571,67.3421,11.0331,0.0875691,1812.61,31.6147,115.557,41.2839,115.557,70.9828,72.1747,0,0,1776.34,-1379.22,train
572,98.1255,15.5464,0.154263,231.511,30.5745,124.453,102.266,125.771,113.478,117.234,17.172,0,1488.73,-3.39063,train
573,72.6911,93.9324,0.00782829,1051.05,23.3092,51.7881,58.2432,58.2432,53.3504,53.2754,72.6911,0,1996.68,-1955.31,train
574,86.5477,21.5988,0.012175,76.6,16.5747,111.999,21.9502,111.999,66.1406,66.2574,0,0,310.821,-219.624,train
575,40.0066,15.4114,0.00126278,51.2505,16.4664,48.567,81.3645,81.3645,64.4637,64.4396,40.0066,0,96.0133,-93.9922,train
576,185.234,19.0834,0.0219648,765.138,35.7492,23.1352,46.7308,46.7308,37.5722,39.2508,185.234,0,97.0517,656.598,train
577,99.1363,10.5773,0.00222856,600.452,26.9574,86.6996,93.5601,93.5601,79.6097,79.2509,99.1363,0,1626.59,-1604.68,test
578,121.306,14.1165,0.0038322,69.2875,32.6146,30.6905,41.7562,41.7562,36.3817,36.5467,121.306,0,28.5416,27.8496,test
579,54.7242,21.979,0.0056083,1581.52,22.9223,75.0486,143.358,143.358,96.6743,96.1331,54.7242,0,3822.58,-3805.78,train
580,38.9859,83.7563,0.52979,114.723,31.853,95.0809,134.757,134.757,115.335,115.734,38.9859,0,369.742,435.485,train
581,130.325,24.3372,0.00531857,125.592,24.6811,39.5704,94.2766,94.2766,65.2682,65.3207,130.325,0,590.98,-500.647,test
582,192.325,42.6328,0.327017,18.7721,29.8318,52.4277,74.7461,99.7525,86.2158,98.6002,110.587,0,202.224,11893.8,test
583,163.555,13.8675,0.0444303,13.5023,25.6988,31.8912,65.1023,65.5856,55.0669,58.7915,147.2,0,63.2796,1125.25,train
584,52.6428,66.3619,0.972713,33.1924,37.6134,63.5016,98.4648,98.4648,84.1811,85.9521,52.6428,0,81.1068,2614.53,train
585,103.514,34.543,0.691742,242.118,16.8795,136.994,140.323,162.537,149.096,158.07,54.3449,0,2924.95,4487.19,train
586,138.396,37.358,0.00112212,10.1744,23.0712,110.397,147.697,147.697,128.767,128.773,138.396,0,147.782,-126.29,test
587,64.4932,26.2418,0.022407,218.446,19.7983,96.4341,101.463,101.463,96.2163,96.2007,64.4932,0,979.189,-885.99,train
588,135.36,53.4744,0.41494,1087.02,32.0954,126.55,105.427,131.061,115.57,121.157,37.224,0,8253.32,-650.647,train
589,37.6949,45.0893,0.284139,1277.71,33.6512,100.413,97.888,100.413,95.4866,95.6382,0,0,2492.38,-2088.64,train
590,80.7654,5.78594,0.00568209,132.771,22.2473,23.5719,23.7736,24.392,23.9934,24.2617,42.4018,0,13.9844,23.0802,train
591,157.961,69.7253,0.0138546,30.5301,29.462,49.1467,99.4007,99.4007,74.4228,74.6248,157.961,0,214.084,131.612,train
592,131.335,20.2767,0.0739596,430.17,27.0012,130.268,134.321,135.142,123.692,125.755,105.068,0,3668.38,-2392.66,train
593,140.265,34.1672,0.00109507,98.6471,33.3335,111.061,99.8476,111.061,103.36,103.265,0,0,901.029,-879.484,train
594,30.2447,82.5688,0.0130473,173.884,24.2021,44.139,106.16,106.16,74.8977,74.8886,30.2447,0,263.454,-251.519,test
595,65.5523,10.0807,0.0373477,83.3254,26.1038,59.0526,38.7866,59.0526,49.2785,49.9208,0,0,115.096,45.3906,test
596,85.068,171.853,0.144136,510.725,21.0618,128.361,140.841,140.841,132.882,133.02,85.068,0,4639.17,-3596.12,train
597,105.019,22.1424,0.548155,579.183,30.8273,95.9085,103.661,129.073,110.247,121.525,55.135,0,3230.54,2815.06,train
598,20.2226,194.832,0.264466,370.192,32.574,74.59,40.8479,74.59,57.6849,57.7045,0,0,186.643,-78.4886,train
599,24.3361,34.7552,0.0938666,15.4626,26.7558,44.7567,95.0656,95.0656,70.0024,70.0701,24.3361,0,16.2417,39.3503,test
600,136.593,35.7231,0.00247061,33.6155,21.1363,60.2346,123.059,123.059,91.0294,91.0437,136.593,0,313.37,-267.274,train
601,38.1012,165.016,0.484588,1545.44,35.6832,53.8674,106.387,106.387,79.2826,79.4007,38.1012,0,2407.43,-1703.95,train
602,137.121,28.0443,0.00633881,23.6815,22.2882,102.198,104.872,104.872,103.126,103.267,137.121,0,256.932,-137.749,train
603,183.687,33.9033,0.0780336,103.382,24.4992,32.31,125.136,125.136,82.5915,85.8447,183.687,0,1000.52,1632.42,train
604,157.593,123.641,0.00637808,198.02,24.5772,71.7324,92.5802,92.5802,81.1439,81.1354,157.593,0,1685.72,-1527.32,train
605,160.792,8.12545,0.00233461,12.3292,21.1966,42.7578,38.2565,42.7578,40.7347,41.0377,0,0,37.0628,23.2966,train
606,89.1139,132.687,0.0472477,31.0396,36.6512,129.597,24.1473,129.597,77.0323,77.1519,0,0,111.275,263.933,train
607,108.989,26.0519,0.0227807,134.9,38.934,40.6706,90.5511,90.5511,65.356,65.7476,108.989,0,351.815,-81.2129,train
608,170.211,45.1877,0.00159682,791.681,22.0578,79.0338,130.095,130.095,94.12,93.658,170.211,0,6396.98,-6350.72,train
609,70.1919,108.55,0.00132891,216.114,35.0642,123.984,145.907,145.907,133.844,133.782,70.1919,0,1460.13,-1453.58,train
610,143.279,132.381,0.665714,38.398,39.4574,22.1679,110.095,110.095,74.3936,78.9021,143.279,0,191.803,13474.6,train
611,43.1874,22.29,0.00141523,43.7894,34.1121,93.5048,29.1913,93.5048,61.1713,61.1656,0,0,50.3696,-47.73,test
612,47.4261,170.037,0.00682024,177.113,18.7026,109.473,115.045,115.045,111.89,111.872,47.4261,0,775.539,-760.199,train
613,187.673,36.5408,0.0379386,756.902,18.4422,77.24,37.6635,77.24,54.243,55.5438,0,0,3045.75,-1709.51,train
614,63.9604,7.82877,0.0102326,53.7286,21.3212,46.8151,78.7473,78.7473,61.8756,62.0329,63.9604,0,128.866,-87.0051,train
615,109.843,109.222,0.00296115,941.105,22.0223,81.6756,138.766,138.766,104.924,104.647,109.843,0,7304.17,-7268.45,train
616,23.6938,11.7596,0.00599335,10.112,39.2659,135.519,42.9331,135.519,89.1656,89.1732,0,0,11.9099,-8.54525,train
617,32.7251,13.3426,0.0745916,875.278,36.3273,107.457,58.4932,107.457,78.4511,78.4578,0,0,873.799,-793.916,train
618,74.9128,17.1157,0.239576,1337.84,15.545,149.122,25.8679,149.122,80.2408,83.0649,0,0,3280.91,-1936.42,train
619,130.221,61.4998,0.339309,161.338,31.4636,112.351,134.23,136.755,128.31,132.25,97.6659,0,1915.14,3838.72,test
620,35.6183,77.1226,0.0546794,769.12,29.0571,30.1739,46.9781,46.9781,38.3951,38.4198,35.6183,0,239.95,-170.58,train
621,138.292,14.3331,0.900345,54.4549,19.3918,20.7126,38.6413,177.835,122.429,174.616,72.6032,0,714.149,16504.6,train
622,110.468,11.8471,0.123643,1825.14,38.4953,71.2895,89.9194,93.5896,78.7295,83.8188,80.0894,0,2268.79,-759.952,train
623,68.5108,52.0948,0.787953,174.938,28.7777,85.5003,45.5413,85.5003,70.511,73.5694,0,0,480.754,3217.68,train
624,84.8728,28.0814,0.62385,304.892,22.1189,56.8088,57.9901,76.1157,67.374,74.1872,42.4364,0,1002.09,3491.74,train
625,122.524,18.0079,0.0298849,1358.26,37.1963,114.547,121.05,121.05,103.467,103.946,122.524,0,4510.13,-4061.5,train
626,92.1988,10.8044,0.10171,33.8526,34.0883,117.614,91.3788,118.448,109.281,112.679,13.8298,0,222.995,641.606,train
627,169.337,6.64436,0.139138,589.42,22.9644,141.235,146.001,202.166,153.066,177.561,84.6686,0,3839.12,150.679,train
628,39.5977,14.6678,0.0142714,142.379,27.4141,139.949,48.6518,139.949,92.5222,92.4802,0,0,342.555,-320.178,train
629,112.92,22.6936,0.0158413,88.3351,38.52,21.2445,135.614,135.614,77.8491,78.1637,112.92,0,362.745,-160.754,train
630,148.562,180.022,0.0769685,10.2151,25.9713,137.333,67.1851,137.333,102.972,103.382,0,0,116.698,1582.06,train
631,190.934,27.7719,0.00747243,116.98,18.0024,82.6101,44.1183,82.6101,61.7006,61.9922,0,0,850.338,-577.924,train
632,45.6737,5.44096,0.248001,59.0673,26.1945,95.4117,28.3186,95.4117,67.9883,72.0501,0,0,103.466,413.886,train
633,75.502,6.97055,0.00483475,49.6563,31.7278,98.2521,61.194,98.2521,78.2027,78.2713,0,0,158.455,-130.895,train
634,137.498,78.9522,0.395692,34.9207,29.9801,110.74,52.3342,110.74,88.9342,93.061,0,0,280.715,7200.08,train
635,66.0489,52.3255,0.303975,466.837,26.3504,68.8388,60.4256,68.9203,65.0129,66.0249,4.95367,0,1075.4,250.675,train
636,106.986,30.7103,0.581842,20.6513,39.291,112.501,46.2559,116.509,96.6385,106.102,21.3972,0,125.892,6533.88,train
637,182.65,5.74613,0.0167113,26.2473,24.3307,83.6047,135.853,135.853,112.414,116.36,182.65,0,366.251,191.254,train
638,98.4526,19.7704,0.0346416,141.682,30.7431,110.026,100.949,110.026,103.216,103.754,0,0,894.639,-558.861,test
639,33.59,65.8502,0.0462693,34.5866,17.7257,109.558,86.1717,109.558,97.8128,97.8406,0,0,92.7358,-40.5306,train
640,135.03,78.2482,0.00134557,1993.94,24.1435,133.835,95.3624,133.835,102.236,101.669,0,0,13211.2,-13186.7,train
641,64.3173,181.927,0.507265,11.9734,15.9459,32.7822,62.6417,62.6417,48.6376,49.1415,64.3173,0,25.1735,2073.23,train
642,86.1029,27.1344,0.00167159,63.0937,23.2018,108.558,141.568,141.568,123.512,123.44,86.1029,0,525.237,-512.844,train
643,145.47,13.1496,0.0153381,264.008,35.9967,122.602,134.94,134.94,118.772,119.264,145.47,0,2106.07,-1781.49,test
644,33.9694,102.694,0.00655027,969.336,29.2713,120.248,110.789,120.248,113.446,113.33,0,0,2615.18,-2607.62,train
645,70.5675,7.7933,0.0500339,13.3922,32.9586,137.741,110.481,137.741,125.797,127.142,0,0,85.8342,163.323,train
646,95.1505,126.883,0.0504741,305.053,23.048,82.9629,36.5054,82.9629,59.3726,59.4922,0,0,1011.21,-554.233,train
647,162.44,7.04345,0.0233475,278.608,30.1844,58.6326,143.036,143.036,93.9333,97.1382,162.44,0,1397.92,-781.852,train
648,154.626,118.296,0.0578204,93.2193,36.4866,33.2753,86.4647,86.4647,60.5811,61.0783,154.626,0,339.817,1042.63,train
649,47.2019,35.6445,0.0256538,18.0515,17.0425,89.896,53.3593,89.896,71.6505,71.7143,0,0,46.3235,10.8337,test
650,166.482,38.9339,0.482013,469.557,38.0995,41.9169,119.66,130.017,100.846,115.367,124.862,0,3577.11,9782.55,train
651,101.118,67.3289,0.00751426,15.6868,24.8917,79.9614,107.456,107.456,93.668,93.7101,101.118,0,108.616,-31.7833,train
652,167.78,15.1742,0.145939,18.3387,29.7717,56.3893,103.914,117.719,100.928,112.693,113.252,0,212.181,3896.03,train
653,170.351,8.07567,0.00192922,426.913,22.9837,59.4769,72.0412,72.0412,57.823,57.8108,170.351,0,1051.76,-995.778,train
654,159.306,115.952,0.175266,120.915,18.5017,76.9425,102.961,102.961,92.0851,93.7051,159.306,0,1375.74,3072.23,train
655,83.1848,6.14812,0.0133163,185.516,29.1073,106.148,100.302,106.148,95.663,95.8795,0,0,712.422,-620.277,train
656,55.0399,152.026,0.352171,1160.66,24.5169,61.2079,64.8606,64.8606,62.4002,62.6381,55.0399,0,2245.04,-1178.17,train
657,21.6551,84.5372,0.377224,1521.58,20.8724,133.447,49.6384,133.447,89.6765,89.6516,0,0,2113.73,-1936.83,train
658,153.954,16.5547,0.00503349,439.305,24.8225,58.2841,117.626,117.626,79.0774,78.9611,153.954,0,2166.34,-2047.04,train
659,119.485,31.3196,0.0200943,154.692,37.9991,149.484,116.582,149.484,129.827,130.004,0,0,1530.27,-1243.38,train
660,26.1294,175.297,0.0244498,10.7432,18.2498,131.93,23.7192,131.93,77.8245,77.8282,0,0,16.7184,-0.0254195,train
661,135.559,99.556,0.00337949,720.806,19.9056,24.0849,142.01,142.01,79.1769,78.9896,135.559,0,4910.08,-4847.97,train
662,54.1747,21.2691,0.0682956,854.901,31.5279,53.0358,23.143,53.0358,38.0531,38.4222,0,0,217.427,-16.9868,train
663,150.186,25.4516,0.231777,12.5504,16.0722,75.1462,96.8235,112.582,102.132,111.085,90.1115,0,160.695,5067.23,train
664,91.9224,64.7117,0.182787,1447.3,39.1108,131.495,113.951,131.495,115.778,116.363,0,0,7466.88,-5922.38,train
665,129.582,16.7295,0.0640182,39.2223,32.9792,63.6378,111.633,111.633,91.4548,94.1823,129.582,0,281.659,793.296,test
666,69.5306,153.492,0.106683,679.074,38.5431,43.1915,77.4069,77.4069,60.0595,60.1769,69.5306,0,960.94,-445.183,train
667,81.8381,77.9835,0.544517,50.1996,31.2374,130.904,31.4291,130.904,84.7321,86.764,0,0,217.974,3428.92,train
668,186.673,196.102,0.49688,363.057,24.6201,54.3648,103.472,103.472,84.4647,88.2295,186.673,0,3817.27,13497.5,train
669,174.396,88.8235,0.0202127,79.8808,25.5851,48.2024,24.4301,48.2024,36.7373,37.0317,0,0,151.075,463.675,train
670,168.832,119.662,0.0348367,90.9129,29.2973,105.841,146.462,146.462,125.829,126.134,168.832,0,1447.02,-454.033,train
671,54.2776,65.1378,0.00110982,573.115,37.812,37.1137,65.227,65.227,50.7154,50.6915,54.2776,0,368.69,-365.42,train
672,168.996,7.74144,0.0237456,358.157,35.4238,97.1005,79.9652,97.8943,84.0454,87.3731,25.3494,0,1292.92,-614.75,train
673,146.803,15.9715,0.00661377,801.944,33.2491,120.608,78.6155,120.608,87.92,87.8217,0,0,2950.97,-2808.44,train
674,130.524,5.15245,0.0842346,65.5754,20.6371,32.5604,79.0979,92.452,72.7801,84.6051,88.104,0,341.406,1093.67,train
675,128.404,11.4825,0.0371871,269.412,17.7672,93.8542,112.295,112.295,95.805,97.5637,128.404,0,1768.55,-1155.43,test
676,177.408,48.0595,0.0730632,49.8292,20.4054,33.9261,84.6586,84.6586,62.5517,64.6072,177.408,0,360.815,1938.75,train
677,60.574,13.7838,0.0322238,949.723,36.5167,140.446,141.213,141.213,125.793,125.455,60.574,0,3008.33,-2890.1,train
678,184.165,11.613,0.0566484,645.168,24.3812,101.048,141.301,141.773,111.772,118.077,170.352,0,3962.4,-2041.08,test
679,189.476,8.28301,0.00593766,1773.28,22.3869,101.381,130.272,130.272,94.1306,94.7482,189.476,0,4104.42,-3891.26,test
680,188.008,171.505,0.381444,1640.1,23.9399,33.4261,20.7765,37.5544,32.4452,35.8113,61.1026,0,1956.33,11526.6,train
681,40.785,8.31351,0.0242659,228.661,25.3566,144.478,32.1754,144.478,84.3683,84.3442,0,0,456.949,-416.585,train
682,152.791,103.789,0.00105666,168.085,31.7538,88.0802,39.6765,88.0802,63.287,63.2621,0,0,774.003,-749.336,train
683,133.742,38.02,0.00542314,18.9454,16.1832,99.2718,40.9847,99.2718,70.0428,70.1372,0,0,134.79,-37.7872,train
684,127.967,5.12046,0.0827995,36.1034,20.9113,48.0807,107.737,116.18,94.5752,105.858,95.9749,0,292.121,1063.76,train
685,158.383,12.2074,0.0314118,210.904,22.6961,85.4311,72.452,86.1328,76.5568,78.9861,23.7574,0,1212.89,-424.926,train
686,191.115,29.0252,0.00603853,119.335,19.7654,105.319,138.081,138.081,116.966,117,191.115,0,1936.88,-1716.33,train
687,21.1034,144.838,0.132949,498.932,23.1216,34.01,132.679,132.679,83.0235,83.0206,21.1034,0,622.212,-563.003,train
688,101.327,16.014,0.00176363,40.9013,22.5759,132.891,32.7022,132.891,81.6936,81.674,0,0,233.703,-215.596,train
689,118.378,29.3717,0.0582882,235.579,18.4362,95.2669,91.5654,95.5857,90.9733,91.9282,20.7162,0,1723.32,-906.498,train
690,128.469,80.8281,0.170159,10.3726,28.1014,34.2734,108.026,108.026,73.9098,75.426,128.469,0,60.9449,2747.41,test
691,141.657,7.57557,0.0163602,245.006,15.6598,117.83,138.343,138.343,113.44,114.513,141.657,0,1913.65,-1585.35,train
692,36.622,7.413,0.0158631,18.4185,38.0042,68.2008,81.1013,81.1013,74.6138,74.7235,36.622,0,24.282,-3.00689,train
693,171.85,34.9167,0.23258,102.35,35.4844,96.7759,30.471,99.0332,77.888,86.3817,25.7775,0,684.941,6183.68,train
694,140.014,121.506,0.00124534,105.899,37.0394,81.3923,129.94,129.94,105.015,104.985,140.014,0,985.311,-960.897,train
695,93.2395,5.5669,0.0515757,47.7688,32.1394,85.2386,81.9076,92.3899,86.9729,90.3128,41.9578,0,212.994,235.385,train
696,157.066,192.38,0.0711077,87.6703,25.6655,107.66,117.349,117.349,112.737,113.106,157.066,0,1183.27,570.936,train
697,35.25,59.7824,0.0030911,35.0098,33.5909,121.941,88.3249,121.941,105.017,105.012,0,0,87.8045,-83.9636,train
698,106.106,41.9159,0.321447,24.6207,18.6164,78.0059,68.7947,84.5524,80.0946,83.8522,42.4422,0,159.163,3459.81,train
699,192.504,95.8484,0.458974,17.1238,18.8294,22.0311,106.807,106.844,78.6587,86.4108,187.691,0,197.085,16811.5,train
700,188.306,87.1721,0.00440682,90.2166,31.2003,113.325,92.8741,113.325,102.15,102.165,0,0,1162.9,-1006.63,train
701,178.555,13.1843,0.0325391,398.265,33.4551,125.412,25.4217,125.412,73.553,76.601,0,0,1488.71,-451.306,test
702,180.948,9.06782,0.00166166,1148.7,27.804,117.752,103.145,117.752,91.4671,91.2265,0,0,3235.77,-3181.37,train
703,198.214,9.00932,0.360146,60.8323,33.6787,52.7202,42.4387,238.2,161.918,229.624,99.1068,0,1233.48,12916.2,train
704,98.8058,81.8036,0.130148,1904.34,17.0868,98.6835,58.9525,98.6835,73.09,73.4145,0,0,7489.57,-6219,train
705,125.253,107.081,0.0399924,163.524,19.2398,123.62,68.0736,123.62,95.1703,95.3596,0,0,1501.55,-874.137,train
706,56.1641,74.0834,0.436725,1293.39,34.5135,21.8029,30.8,31.477,28.2066,29.039,46.3354,56.1641,-388.549,1766.16,train
707,33.1713,147.622,0.177978,23.1042,33.2129,58.907,63.3768,63.3768,61.2376,61.2949,33.1713,0,21.4591,174.377,train
708,180.201,7.2171,0.00620251,26.0769,39.9532,106.621,33.9986,106.621,71.0957,72.2309,0,0,130.7,70.7105,train
709,90.0604,51.0891,0.41999,138.021,29.2327,141.622,91.9453,141.622,120.44,123.252,0,0,1085.52,2320.97,train
710,74.6714,42.8302,0.302644,410.343,27.913,108.255,115.32,116.002,110.747,112.23,59.7371,0,2242.85,-555.356,test
711,172.824,122.767,0.206738,1371.84,38.2535,130.16,73.5325,130.16,99.1131,100.951,0,0,10719.3,-4544.44,train
712,166.716,10.0432,0.110407,13.5942,15.2376,67.2447,56.6027,99.7153,85.4033,98.6822,79.1899,0,153.58,2915.07,test
713,120.088,10.5184,0.00400099,38.7454,16.0241,21.3926,80.1266,80.1266,50.0718,50.2468,120.088,0,146.404,-88.7051,train
714,122.229,27.1735,0.00525415,637.163,22.9026,41.9794,25.6139,41.9794,32.6358,32.6936,0,0,505.167,-426.671,test
715,67.9711,6.60778,0.028731,502.878,30.0582,95.7609,34.2249,95.7609,60.5925,61.2019,0,0,559.296,-426.557,train
716,63.6698,116.528,0.0129509,914.452,34.9661,131.117,131.958,131.958,128.123,127.947,63.6698,0,4963.59,-4911.09,train
717,161.702,174.506,0.0571592,241.78,15.8696,107.907,109.423,109.446,107.739,108.02,149.574,0,3447.63,-1953.06,train
718,70.1133,30.7838,0.423928,156.53,16.635,22.6331,142.92,142.92,86.3434,89.1906,70.1133,0,718.208,1365.77,train
719,126.796,30.3271,0.200594,1612.6,32.8484,65.785,116.388,116.388,87.3887,91.4799,126.796,0,5259.67,-2034.65,test
720,146.371,19.4889,0.288777,28.0823,24.7606,34.4776,117.774,126.331,100.56,114.359,113.438,0,301.667,5885.24,train
721,171.309,79.5974,0.00491654,40.2391,34.7456,86.4748,71.8173,86.4748,78.9823,79.0434,0,0,300.072,-155.787,train
722,116.905,85.3447,0.0113816,1495.17,16.2712,21.7431,67.3187,67.3187,41.747,41.677,116.905,0,3264.56,-3109.01,train
723,196.248,7.15477,0.00225044,135.54,22.3328,115.894,94.7654,115.894,94.3562,94.329,0,0,1170.68,-1084.01,train
724,169.728,10.851,0.0107159,495.721,35.6158,109.042,121.222,121.222,102.008,102.642,169.728,0,2493.66,-2184.96,train
725,74.4468,6.71345,0.0084385,1797.88,37.3789,60.9665,118.389,118.389,78.0849,78.0535,74.4468,0,1448.36,-1401.59,train
726,176.258,80.3764,0.0384874,1944.01,32.3122,125.922,27.5481,125.922,71.0138,71.3468,0,0,7693.88,-6498.19,train
727,45.131,48.8182,0.0654203,11.692,23.3527,56.1036,42.2981,56.1036,49.3993,49.5174,0,0,13.719,119.529,train
728,85.7121,101.914,0.00229883,29.5371,37.6874,88.2959,60.6108,88.2959,74.3918,74.3946,0,0,92.4916,-75.6031,train
729,132.458,120.573,0.00889214,127.432,15.9099,24.304,115.958,115.958,69.6333,69.6547,132.458,0,883.634,-727.619,train
730,181.936,109.789,0.00576262,386.428,28.6602,26.1746,73.8814,73.8814,49.2194,49.2419,181.936,0,1292.54,-1101.79,train
731,164.456,113.999,0.202224,18.1803,35.379,45.6445,54.4091,56.8078,53.8831,55.9794,111.008,0,55.3338,5414.01,train
732,58.3212,43.3172,0.276514,112.61,23.936,116.041,148.17,148.17,132.549,133.421,58.3212,0,693.815,246.708,train
733,191.727,156.695,0.0497417,1745.82,26.1487,29.7401,26.6445,29.969,28.8017,29.2917,38.3454,0,638.156,1190.31,test
734,175.987,151.522,0.0139843,92.2447,24.0023,118.225,44.4375,118.225,81.0692,81.1653,0,0,908.21,-475.094,test
735,79.4425,38.327,0.197775,10.8921,19.0603,131.643,143.774,144.001,140.128,141.539,69.5122,0,104.37,1143.81,train
736,121.147,199.859,0.259334,223.491,28.1896,45.2486,80.7419,80.7419,64.1479,64.9577,121.147,0,950.291,2855.85,train
737,51.0599,9.90345,0.605523,15.9313,18.0496,58.8317,147.847,147.847,115.621,122.553,51.0599,0,78.3963,1500.27,train
738,26.6269,160.605,0.0178909,526.688,28.7392,50.8932,133.504,133.504,91.7589,91.7362,26.6269,0,869.513,-856.829,train
739,134.852,5.1832,0.429842,99.043,23.5763,62.6773,134.469,277.611,194.622,258.799,74.1688,0,1534.93,6281.81,train
740,113.415,7.65339,0.0466812,24.22,26.1671,60.8571,92.0438,92.2716,81.2744,84.6136,104.909,0,142.127,458.33,train
741,184.364,21.3141,0.921941,10.5069,18.0851,84.8537,102.009,276.515,211.263,275.47,92.1819,0,373.01,30963.8,train
742,79.6537,103.996,0.00406056,732.716,34.475,62.2925,113.838,113.838,85.9695,85.8609,79.6537,0,2722.4,-2696.63,train
743,131.593,62.73,0.00909394,10.4072,37.3014,93.0164,71.4696,93.0164,82.3659,82.4709,0,0,61.4704,96.0073,test
744,62.3072,16.0572,0.0125999,666.165,17.5816,88.7338,105.487,105.487,87.9345,87.6026,62.3072,0,2009.27,-1960.35,train
745,28.4917,44.7802,0.00384845,68.1452,29.7958,70.611,123.586,123.586,96.8658,96.8549,28.4917,0,129.167,-126.042,train
746,73.8603,5.67791,0.00424915,1664.99,34.6893,93.3007,54.5554,93.3007,65.0569,64.9907,0,0,944.727,-921.547,train
747,178.782,76.1151,0.144781,61.0871,24.2458,90.0463,63.9676,90.1416,81.2784,83.898,8.93909,0,607.628,4020.01,test
748,58.6393,11.174,0.0018883,387.654,25.4137,116.872,35.145,116.872,70.8555,70.6157,0,0,758.665,-752.172,train
749,20.2258,24.626,0.874316,548.177,38.6933,86.8371,85.7336,87.4988,85.8653,86.4087,7.58468,0,482.772,-125.104,train
750,65.0643,31.8463,0.0196788,831.868,26.458,149.595,53.242,149.595,94.7378,94.4926,0,0,2832.43,-2749.13,train
751,104.492,8.82746,0.00665797,15.7405,20.2165,24.4263,104.343,104.343,64.3986,64.7206,104.492,0,70.237,2.45816,test
752,161.817,17.7802,0.0927994,165.882,18.6847,68.9143,74.4539,86.5117,77.1476,82.8004,88.9995,0,1230.68,1199.26,train
753,121.701,45.4454,0.160275,48.7613,32.7146,146.466,87.5388,146.466,120.317,122.547,0,0,507.938,1865.9,train
754,83.8665,15.5228,0.932471,30.7286,17.6475,128.183,85.3243,161.046,139.369,157.743,33.5466,0,305.954,6252.67,test
755,159.779,63.7978,0.0528359,1220.44,15.5078,103.368,99.6523,103.368,91.8568,92.2292,0,0,9721.67,-8372.81,test
756,172.201,29.3812,0.520314,259.474,32.7591,115.762,21.3065,139.954,103.707,126.175,51.6602,0,2468.82,12960.1,train
757,129.908,32.8928,0.171766,104.597,29.7102,49.7731,83.5529,83.9574,72.4395,76.2105,116.917,0,540.379,2358.36,train
758,144,117.099,0.00147968,747.194,29.4293,31.1283,113.666,113.666,69.883,69.7551,144,0,3725.41,-3694.73,train
759,126.365,176.244,0.0088224,16.5208,39.2188,20.5457,28.7753,28.7753,24.7396,24.7754,126.365,0,-30.1568,171.035,train
760,165.226,97.0703,0.00177062,13.0074,30.409,137.631,62.4511,137.631,99.9549,99.9692,0,0,148.846,-100.508,train
761,53.1871,22.3831,0.0542352,157.501,33.4886,22.3816,109.585,109.585,65.6212,65.8681,53.1871,0,251.692,-98.2675,train
762,149.998,28.2717,0.00150651,1171.4,15.7301,52.1431,94.1145,94.1145,63.1786,62.82,149.998,0,4141.9,-4108,train
763,83.3505,85.9556,0.00248152,205.242,28.3423,65.3705,43.1648,65.3705,53.8819,53.8673,0,0,421.202,-403.962,train
764,43.5542,37.0497,0.0902853,12.1415,19.001,140.871,110.632,140.871,126.001,126.196,0,0,56.4359,114.832,train
765,189.932,20.716,0.410465,151.794,26.4818,123.04,57.4094,178.17,137.496,168.052,75.9729,0,2543.53,12263.7,train
766,171.882,43.9813,0.0230143,1066.74,20.0802,102.562,122.151,122.151,99.5847,99.6217,171.882,0,8538.15,-7858.23,train
767,53.8743,31.007,0.218626,49.1513,24.4432,38.5498,130.357,130.357,85.6891,86.5591,53.8743,0,159.712,474.838,train
768,146.655,14.5178,0.943511,89.6091,20.4965,29.5192,145.247,261.846,188.933,249.238,84.3267,0,1899.86,18392.9,test
769,97.376,44.3507,0.00119206,14.797,37.9069,79.2631,124.307,124.307,101.635,101.637,97.376,0,91.2668,-79.9636,train
770,129.461,5.93087,0.0025862,193.978,39.9916,140.33,40.4994,140.33,83.3085,83.279,0,0,633.457,-590.112,train
771,121.971,63.6523,0.466074,249.492,38.4066,134.236,45.2915,134.236,96.4751,101.111,0,0,1625.89,5307.82,train
772,149.386,10.9675,0.00208074,96.2935,33.065,100.006,114.257,114.257,101.754,101.632,149.386,0,798.324,-751.89,train
773,119.256,40.5343,0.0408463,11.073,29.5843,51.6259,84.6821,84.6821,69.2117,69.8324,119.256,0,52.0464,528.873,train
774,61.0193,64.0574,0.0312664,12.2066,29.334,67.0197,28.0111,67.0197,47.6455,47.7239,0,0,13.612,102.804,train
775,119.851,5.96998,0.0041228,21.5939,28.9298,144.122,48.4351,144.122,94.9275,95.2379,0,0,158.086,-98.8655,train
776,192.83,110.27,0.0235643,660.642,19.5622,64.1549,74.2693,74.2693,66.3219,66.4771,192.83,0,4921.64,-4045.44,train
777,163.465,27.4386,0.00898021,1013.57,24.1192,113.119,148.446,148.446,112.896,112.508,163.465,0,7398.44,-7158.48,train
778,71.7338,26.827,0.00137662,129.821,18.3022,92.9404,89.3993,92.9404,89.3038,89.2071,0,0,621.005,-613.921,train
779,153.086,137.736,0.586693,17.4761,34.1901,43.5771,145.288,145.288,102.431,106.792,153.086,0,182.431,13566.9,train
780,131.992,13.6109,0.870692,13.6604,18.7607,40.373,107.896,214.684,162.931,211.564,72.5956,0,257.018,14912.1,train
781,195.193,25.3247,0.128163,19.0562,37.0915,108.824,112.614,134.398,125.306,133.675,102.477,0,320.504,4562.58,train
782,101.515,16.8363,0.192158,314.354,29.8728,47.679,79.2496,81.2269,68.5704,73.4572,81.2117,0,918.126,1062.11,train
783,99.5959,178.93,0.993171,1344.18,34.0241,99.3203,139.678,139.678,119.415,121.564,99.5959,0,10049.8,-198.193,train
784,188.151,60.3578,0.527202,1606.33,17.2416,49.6065,123.319,129.276,95.4849,108.152,150.521,0,12595.1,6068.38,train
785,128.946,41.0098,0.557806,40.1582,30.7592,92.7047,110.23,130.027,118.905,128.74,74.1442,0,447.855,8826.87,train
786,81.3482,184.372,0.0120211,19.4594,27.5838,57.059,77.5589,77.5589,67.3159,67.3331,81.3482,0,62.7949,16.7551,train
787,89.7523,5.62593,0.0100042,522.7,23.2614,136.467,93.8468,136.467,98.4536,98.4014,0,0,1522.37,-1441.78,train
788,41.1288,13.2325,0.0095985,607.386,31.702,79.524,31.9278,79.524,53.4588,53.3904,0,0,406.545,-390.309,test
789,178.144,43.1314,0.00149254,66.3643,15.1323,76.3922,37.1539,76.3922,55.9905,55.9883,0,0,459.515,-412.149,train
790,97.6687,26.1529,0.00236418,38.8946,27.9583,149.903,40.4586,149.903,94.4771,94.4697,0,0,245.989,-223.436,test
791,71.0972,7.44772,0.00288802,12.7237,37.1573,61.7242,130.623,130.623,95.7594,95.8117,71.0972,0,51.8328,-37.2344,train
792,147.554,66.9632,0.00146554,21.8802,36.025,144.16,73.3855,144.16,108.525,108.529,0,0,231.964,-200.056,train
793,24.7365,136.429,0.229681,116.25,22.371,97.1963,132.307,132.307,114.675,114.711,24.7365,0,264.385,-123.845,train
794,38.6218,13.9251,0.0127371,81.2263,16.8545,84.6359,96.2778,96.2778,89.2841,89.2694,38.6218,0,218.029,-199.03,train
795,94.9672,27.5438,0.0509279,52.3896,36.8369,115.161,67.8117,115.161,92.0449,92.7277,0,0,265.807,193.499,train
796,122.863,28.7817,0.00171648,21.3987,34.4468,119.099,54.8396,119.099,86.6558,86.6726,0,0,134.949,-109.038,train
797,79.9148,23.8114,0.153,1443.51,25.5367,26.8682,20.4162,29.1404,26.6317,28.3905,25.9723,0,54.849,922.267,train
798,199.667,142.397,0.535939,55.5476,37.2458,103.715,70.8892,109.513,99.0841,105.623,54.9085,0,678.978,20687.3,train
799,94.1487,8.03628,0.100737,650.071,24.2603,88.1326,33.0514,88.1326,60.8016,65.246,0,0,984.905,-91.9764,train
